time,corr1,corr2,corr3,corr4,corr5,corr6,corr7,corr8,corr9,corr10,sum
0.0,0.0,NaN,0.0,NaN,0.0,NaN,NaN,0.0,NaN,NaN,NaN
0.01,0.0,NaN,0.0,NaN,0.0,NaN,NaN,0.0,NaN,NaN,NaN
0.02,0.0,NaN,0.0,NaN,0.0,NaN,NaN,0.0,NaN,NaN,NaN
0.03,0.0,NaN,0.0,NaN,0.0,NaN,NaN,0.0,NaN,NaN,NaN
0.04,0.0,NaN,0.0,NaN,0.0,NaN,NaN,0.0,NaN,NaN,NaN
0.05,0.0,NaN,0.0,NaN,0.0,NaN,NaN,0.0,NaN,NaN,NaN
0.06,0.0,NaN,0.0,NaN,0.0,NaN,NaN,0.0,NaN,NaN,NaN
0.07,0.0,NaN,0.0,NaN,0.0,NaN,NaN,0.0,NaN,NaN,NaN
0.08,0.0,NaN,0.0,NaN,0.0,NaN,NaN,0.0,NaN,NaN,NaN
0.09,0.0,NaN,0.0,NaN,0.0,NaN,NaN,0.0,NaN,NaN,NaN
0.1,0.0,NaN,0.0,NaN,0.0,NaN,NaN,0.0,NaN,NaN,NaN
0.11,0.0,NaN,0.0,NaN,0.0,NaN,NaN,0.0,NaN,NaN,NaN
0.12,0.0,NaN,0.0,NaN,0.0,NaN,NaN,0.0,NaN,NaN,NaN
0.13,0.0,NaN,0.0,NaN,0.0,NaN,NaN,0.0,NaN,NaN,NaN
0.14,0.0,NaN,0.0,NaN,0.0,NaN,NaN,0.0,NaN,NaN,NaN
0.15,0.0,NaN,0.0,NaN,0.0,NaN,NaN,0.0,NaN,NaN,NaN
0.16,0.0,NaN,0.0,NaN,0.0,NaN,NaN,0.0,NaN,NaN,NaN
0.17,0.0,NaN,0.0,NaN,0.0,NaN,NaN,0.0,NaN,NaN,NaN
0.18,0.0,NaN,0.0,NaN,0.0,NaN,NaN,0.0,NaN,NaN,NaN
0.19,0.0,NaN,0.0,NaN,0.0,NaN,NaN,0.0,NaN,NaN,NaN
0.2,0.0,NaN,0.0,NaN,0.0,NaN,NaN,0.0,NaN,NaN,NaN
0.21,0.0,NaN,0.0,NaN,0.0,NaN,NaN,0.0,NaN,NaN,NaN
0.22,0.0,NaN,0.0,NaN,0.0,NaN,NaN,0.0,NaN,NaN,NaN
0.23,0.0,NaN,0.0,NaN,0.0,NaN,NaN,0.0,NaN,NaN,NaN
0.24,0.0,NaN,0.0,NaN,0.0,NaN,NaN,0.0,NaN,NaN,NaN
0.25,0.0,NaN,0.0,NaN,0.0,NaN,NaN,0.0,NaN,NaN,NaN
0.26,0.0,NaN,0.0,NaN,0.0,NaN,NaN,0.0,NaN,NaN,NaN
0.27,0.0,NaN,0.0,NaN,0.0,NaN,NaN,0.0,NaN,NaN,NaN
0.28,0.0,NaN,0.0,NaN,0.0,NaN,NaN,0.0,NaN,NaN,NaN
0.29,0.0,NaN,0.0,NaN,0.0,NaN,NaN,0.0,NaN,NaN,NaN
0.3,0.0,NaN,0.0,NaN,0.0,NaN,NaN,0.0,NaN,NaN,NaN
0.31,0.0,NaN,0.0,NaN,0.0,NaN,NaN,0.0,NaN,NaN,NaN
0.32,0.0,NaN,0.0,NaN,0.0,NaN,NaN,0.0,NaN,NaN,NaN
0.33,0.0,NaN,0.0,NaN,0.0,NaN,NaN,0.0,NaN,NaN,NaN
0.34,0.0,NaN,0.0,NaN,0.0,NaN,NaN,0.0,NaN,NaN,NaN
0.35000000000000003,0.0,NaN,0.0,NaN,0.0,NaN,NaN,0.0,NaN,NaN,NaN
0.36,0.0,NaN,0.0,NaN,0.0,NaN,NaN,0.0,NaN,NaN,NaN
0.37,0.0,NaN,0.0,NaN,0.0,NaN,NaN,0.0,NaN,NaN,NaN
0.38,0.0,NaN,0.0,NaN,0.0,NaN,NaN,0.0,NaN,NaN,NaN
0.39,0.0,NaN,0.0,NaN,0.0,NaN,NaN,0.0,NaN,NaN,NaN
0.4,0.0,NaN,0.0,NaN,0.0,NaN,NaN,0.0,NaN,NaN,NaN
0.41000000000000003,0.0,NaN,0.0,NaN,0.0,NaN,NaN,0.0,NaN,NaN,NaN
0.42,0.0,NaN,0.0,NaN,0.0,NaN,NaN,0.0,NaN,NaN,NaN
0.43,0.0,NaN,0.0,NaN,0.0,NaN,NaN,0.0,NaN,NaN,NaN
0.44,0.0,NaN,0.0,NaN,0.0,NaN,NaN,0.0,NaN,NaN,NaN
0.45,0.0,NaN,0.0,NaN,0.0,NaN,NaN,0.0,NaN,NaN,NaN
0.46,0.0,NaN,0.0,NaN,0.0,NaN,NaN,0.0,NaN,NaN,NaN
0.47000000000000003,0.0,NaN,0.0,NaN,0.0,NaN,NaN,0.0,NaN,NaN,NaN
0.48,0.0,NaN,0.0,NaN,0.0,NaN,NaN,0.0,NaN,NaN,NaN
0.49,0.0,NaN,0.0,NaN,0.0,NaN,NaN,0.0,NaN,NaN,NaN
0.5,0.0,NaN,0.0,NaN,0.0,NaN,NaN,0.0,NaN,NaN,NaN
0.51,0.0,NaN,0.0,NaN,0.0,NaN,NaN,0.0,NaN,NaN,NaN
0.52,0.0,NaN,0.0,NaN,0.0,NaN,NaN,0.0,NaN,NaN,NaN
0.53,0.0,NaN,0.0,NaN,0.0,NaN,NaN,0.0,NaN,NaN,NaN
0.54,0.0,NaN,0.0,NaN,0.0,NaN,NaN,0.0,NaN,NaN,NaN
0.55,0.0,NaN,0.0,NaN,0.0,NaN,NaN,0.0,NaN,NaN,NaN
0.56,0.0,NaN,0.0,NaN,0.0,NaN,NaN,0.0,NaN,NaN,NaN
0.5700000000000001,0.0,NaN,0.0,NaN,0.0,NaN,NaN,0.0,NaN,NaN,NaN
0.58,0.0,NaN,0.0,NaN,0.0,NaN,NaN,0.0,NaN,NaN,NaN
0.59,0.0,NaN,0.0,NaN,0.0,NaN,NaN,0.0,NaN,NaN,NaN
0.6,0.0,NaN,0.0,NaN,0.0,NaN,NaN,0.0,NaN,NaN,NaN
0.61,0.0,NaN,0.0,NaN,0.0,NaN,NaN,0.0,NaN,NaN,NaN
0.62,0.0,NaN,0.0,NaN,0.0,NaN,NaN,0.0,NaN,NaN,NaN
0.63,0.0,NaN,0.0,NaN,0.0,NaN,NaN,0.0,NaN,NaN,NaN
0.64,0.0,NaN,0.0,NaN,0.0,NaN,NaN,0.0,NaN,NaN,NaN
0.65,0.0,NaN,0.0,NaN,0.0,NaN,NaN,0.0,NaN,NaN,NaN
0.66,0.0,NaN,0.0,NaN,0.0,NaN,NaN,0.0,NaN,NaN,NaN
0.67,0.0,NaN,0.0,NaN,0.0,NaN,NaN,0.0,NaN,NaN,NaN
0.68,0.0,NaN,0.0,NaN,0.0,NaN,NaN,0.0,NaN,NaN,NaN
0.6900000000000001,0.0,NaN,0.0,NaN,0.0,NaN,NaN,0.0,NaN,NaN,NaN
0.7000000000000001,0.0,NaN,0.0,NaN,0.0,NaN,NaN,0.0,NaN,NaN,NaN
0.71,0.0,NaN,0.0,NaN,0.0,NaN,NaN,0.0,NaN,NaN,NaN
0.72,0.0,NaN,0.0,NaN,0.0,NaN,NaN,0.0,NaN,NaN,NaN
0.73,0.0,NaN,0.0,NaN,0.0,NaN,NaN,0.0,NaN,NaN,NaN
0.74,0.0,NaN,0.0,NaN,0.0,NaN,NaN,0.0,NaN,NaN,NaN
0.75,0.0,NaN,0.0,NaN,0.0,NaN,NaN,0.0,NaN,NaN,NaN
0.76,0.0,NaN,0.0,NaN,0.0,NaN,NaN,0.0,NaN,NaN,NaN
0.77,0.0,NaN,0.0,NaN,0.0,NaN,NaN,0.0,NaN,NaN,NaN
0.78,0.0,NaN,0.0,NaN,0.0,NaN,NaN,0.0,NaN,NaN,NaN
0.79,0.0,NaN,0.0,NaN,0.0,NaN,NaN,0.0,NaN,NaN,NaN
0.8,0.0,NaN,1000.0,NaN,0.0,NaN,NaN,0.0,NaN,NaN,NaN
0.81,0.0,NaN,0.0,NaN,0.0,NaN,NaN,0.0,NaN,NaN,NaN
0.8200000000000001,0.0,NaN,0.0,NaN,0.0,NaN,NaN,0.0,NaN,NaN,NaN
0.8300000000000001,0.0,NaN,0.0,NaN,0.0,NaN,NaN,0.0,NaN,NaN,NaN
0.84,0.0,NaN,0.0,NaN,0.0,NaN,NaN,0.0,NaN,NaN,NaN
0.85,0.0,NaN,0.0,NaN,0.0,NaN,NaN,0.0,NaN,NaN,NaN
0.86,0.0,NaN,0.0,NaN,0.0,NaN,NaN,0.0,NaN,NaN,NaN
0.87,0.0,NaN,0.0,NaN,0.0,NaN,NaN,0.0,NaN,NaN,NaN
0.88,0.0,NaN,0.0,NaN,0.0,NaN,NaN,0.0,NaN,NaN,NaN
0.89,0.0,NaN,0.0,NaN,0.0,NaN,NaN,0.0,NaN,NaN,NaN
0.9,0.0,NaN,0.0,NaN,0.0,NaN,NaN,0.0,NaN,NaN,NaN
0.91,0.0,NaN,0.0,NaN,0.0,NaN,NaN,0.0,NaN,NaN,NaN
0.92,0.0,NaN,0.0,NaN,0.0,NaN,NaN,0.0,NaN,NaN,NaN
0.93,0.0,NaN,0.0,NaN,0.0,NaN,NaN,0.0,NaN,NaN,NaN
0.9400000000000001,0.0,NaN,0.0,NaN,0.0,NaN,NaN,0.0,NaN,NaN,NaN
0.9500000000000001,0.0,NaN,0.0,NaN,0.0,NaN,NaN,0.0,NaN,NaN,NaN
0.96,0.0,NaN,0.0,NaN,0.0,NaN,NaN,0.0,NaN,NaN,NaN
0.97,0.0,NaN,0.0,NaN,0.0,NaN,NaN,0.0,NaN,NaN,NaN
0.98,0.0,NaN,0.0,NaN,0.0,NaN,NaN,0.0,NaN,NaN,NaN
0.99,0.0,NaN,0.0,NaN,0.0,NaN,NaN,0.0,NaN,NaN,NaN
1.0,0.0,NaN,0.0,NaN,0.0,NaN,NaN,0.0,NaN,NaN,NaN
1.01,0.0,NaN,0.0,NaN,0.0,NaN,NaN,0.0,NaN,NaN,NaN
1.02,0.0,NaN,0.0,NaN,0.0,NaN,NaN,0.0,NaN,NaN,NaN
1.03,0.0,NaN,0.0,NaN,0.0,NaN,NaN,0.0,NaN,NaN,NaN
1.04,0.0,NaN,0.0,NaN,0.0,NaN,NaN,0.0,NaN,NaN,NaN
1.05,0.0,NaN,0.0,NaN,0.0,NaN,NaN,0.0,NaN,NaN,NaN
1.06,0.0,NaN,0.0,NaN,0.0,NaN,NaN,0.0,NaN,NaN,NaN
1.07,0.0,NaN,0.0,NaN,0.0,NaN,NaN,0.0,NaN,NaN,NaN
1.08,0.0,NaN,0.0,NaN,0.0,NaN,NaN,0.0,NaN,NaN,NaN
1.09,0.0,NaN,0.0,NaN,0.0,NaN,NaN,0.0,NaN,NaN,NaN
1.1,0.0,NaN,0.0,NaN,0.0,NaN,NaN,0.0,NaN,NaN,NaN
1.11,0.0,NaN,0.0,NaN,0.0,NaN,NaN,0.0,NaN,NaN,NaN
1.12,0.0,NaN,0.0,NaN,0.0,NaN,NaN,0.0,NaN,NaN,NaN
1.1300000000000001,0.0,NaN,0.0,NaN,0.0,NaN,NaN,0.0,NaN,NaN,NaN
1.1400000000000001,0.0,NaN,0.0,NaN,0.0,NaN,NaN,0.0,NaN,NaN,NaN
1.1500000000000001,0.0,NaN,0.0,NaN,0.0,NaN,NaN,0.0,NaN,NaN,NaN
1.16,0.0,NaN,0.0,NaN,0.0,NaN,NaN,0.0,NaN,NaN,NaN
1.17,0.0,NaN,0.0,NaN,0.0,NaN,NaN,0.0,NaN,NaN,NaN
1.18,0.0,NaN,0.0,NaN,0.0,NaN,NaN,0.0,NaN,NaN,NaN
1.19,0.0,NaN,0.0,NaN,0.0,NaN,NaN,0.0,NaN,NaN,NaN
1.2,0.0,NaN,0.0,NaN,0.0,NaN,NaN,0.0,NaN,NaN,NaN
1.21,0.0,NaN,0.0,NaN,0.0,NaN,NaN,0.0,NaN,NaN,NaN
1.22,0.0,NaN,0.0,NaN,0.0,NaN,NaN,0.0,NaN,NaN,NaN
1.23,0.0,NaN,0.0,NaN,0.0,NaN,NaN,0.0,NaN,NaN,NaN
1.24,0.0,NaN,0.0,NaN,0.0,NaN,NaN,0.0,NaN,NaN,NaN
1.25,0.0,NaN,0.0,NaN,0.0,NaN,NaN,0.0,NaN,NaN,NaN
1.26,0.0,NaN,0.0,NaN,0.0,NaN,NaN,0.0,NaN,NaN,NaN
1.27,166.66666666666666,NaN,0.0,NaN,0.0,NaN,NaN,0.0,NaN,NaN,NaN
1.28,0.0,NaN,0.0,NaN,0.0,NaN,NaN,0.0,NaN,NaN,NaN
1.29,0.0,NaN,0.0,NaN,0.0,NaN,NaN,0.0,NaN,NaN,NaN
1.3,0.0,NaN,0.0,NaN,0.0,NaN,NaN,0.0,NaN,NaN,NaN
1.31,0.0,NaN,0.0,NaN,0.0,NaN,NaN,0.0,NaN,NaN,NaN
1.32,0.0,NaN,0.0,NaN,0.0,NaN,NaN,0.0,NaN,NaN,NaN
1.33,0.0,NaN,0.0,NaN,0.0,NaN,NaN,0.0,NaN,NaN,NaN
1.34,0.0,NaN,0.0,NaN,0.0,NaN,NaN,0.0,NaN,NaN,NaN
1.35,0.0,NaN,0.0,NaN,0.0,NaN,NaN,0.0,NaN,NaN,NaN
1.36,0.0,NaN,0.0,NaN,0.0,NaN,NaN,0.0,NaN,NaN,NaN
1.37,0.0,NaN,0.0,NaN,0.0,NaN,NaN,500.0,NaN,NaN,NaN
1.3800000000000001,0.0,NaN,0.0,NaN,0.0,NaN,NaN,0.0,NaN,NaN,NaN
1.3900000000000001,0.0,NaN,0.0,NaN,0.0,NaN,NaN,0.0,NaN,NaN,NaN
1.4000000000000001,0.0,NaN,0.0,NaN,0.0,NaN,NaN,0.0,NaN,NaN,NaN
1.41,0.0,NaN,0.0,NaN,0.0,NaN,NaN,0.0,NaN,NaN,NaN
1.42,0.0,NaN,0.0,NaN,0.0,NaN,NaN,0.0,NaN,NaN,NaN
1.43,0.0,NaN,0.0,NaN,0.0,NaN,NaN,0.0,NaN,NaN,NaN
1.44,0.0,NaN,0.0,NaN,0.0,NaN,NaN,0.0,NaN,NaN,NaN
1.45,0.0,NaN,0.0,NaN,0.0,NaN,NaN,0.0,NaN,NaN,NaN
1.46,0.0,NaN,0.0,NaN,0.0,NaN,NaN,0.0,NaN,NaN,NaN
1.47,0.0,NaN,0.0,NaN,0.0,NaN,NaN,0.0,NaN,NaN,NaN
1.48,0.0,NaN,0.0,NaN,0.0,NaN,NaN,0.0,NaN,NaN,NaN
1.49,0.0,NaN,0.0,NaN,0.0,NaN,NaN,0.0,NaN,NaN,NaN
1.5,0.0,NaN,0.0,NaN,0.0,NaN,NaN,0.0,NaN,NaN,NaN
1.51,0.0,NaN,0.0,NaN,0.0,NaN,NaN,0.0,NaN,NaN,NaN
1.52,0.0,NaN,0.0,NaN,0.0,NaN,NaN,0.0,NaN,NaN,NaN
1.53,0.0,NaN,0.0,NaN,0.0,NaN,NaN,0.0,NaN,NaN,NaN
1.54,0.0,NaN,0.0,NaN,0.0,NaN,NaN,0.0,NaN,NaN,NaN
1.55,0.0,NaN,0.0,NaN,0.0,NaN,NaN,0.0,NaN,NaN,NaN
1.56,0.0,NaN,0.0,NaN,0.0,NaN,NaN,0.0,NaN,NaN,NaN
1.57,0.0,NaN,0.0,NaN,0.0,NaN,NaN,0.0,NaN,NaN,NaN
1.58,0.0,NaN,0.0,NaN,0.0,NaN,NaN,0.0,NaN,NaN,NaN
1.59,0.0,NaN,0.0,NaN,0.0,NaN,NaN,0.0,NaN,NaN,NaN
1.6,0.0,NaN,0.0,NaN,0.0,NaN,NaN,0.0,NaN,NaN,NaN
1.61,0.0,NaN,0.0,NaN,0.0,NaN,NaN,0.0,NaN,NaN,NaN
1.62,0.0,NaN,0.0,NaN,0.0,NaN,NaN,0.0,NaN,NaN,NaN
1.6300000000000001,0.0,NaN,0.0,NaN,0.0,NaN,NaN,0.0,NaN,NaN,NaN
1.6400000000000001,0.0,NaN,0.0,NaN,0.0,NaN,NaN,0.0,NaN,NaN,NaN
1.6500000000000001,0.0,NaN,0.0,NaN,0.0,NaN,NaN,0.0,NaN,NaN,NaN
1.6600000000000001,0.0,NaN,0.0,NaN,0.0,NaN,NaN,0.0,NaN,NaN,NaN
1.67,0.0,NaN,0.0,NaN,0.0,NaN,NaN,0.0,NaN,NaN,NaN
1.68,0.0,NaN,0.0,NaN,0.0,NaN,NaN,0.0,NaN,NaN,NaN
1.69,0.0,NaN,0.0,NaN,0.0,NaN,NaN,0.0,NaN,NaN,NaN
1.7,0.0,NaN,0.0,NaN,0.0,NaN,NaN,0.0,NaN,NaN,NaN
1.71,0.0,NaN,0.0,NaN,0.0,NaN,NaN,0.0,NaN,NaN,NaN
1.72,0.0,NaN,0.0,NaN,0.0,NaN,NaN,0.0,NaN,NaN,NaN
1.73,0.0,NaN,0.0,NaN,0.0,NaN,NaN,0.0,NaN,NaN,NaN
1.74,0.0,NaN,0.0,NaN,0.0,NaN,NaN,0.0,NaN,NaN,NaN
1.75,0.0,NaN,0.0,NaN,0.0,NaN,NaN,0.0,NaN,NaN,NaN
1.76,0.0,NaN,0.0,NaN,0.0,NaN,NaN,0.0,NaN,NaN,NaN
1.77,0.0,NaN,0.0,NaN,0.0,NaN,NaN,0.0,NaN,NaN,NaN
1.78,0.0,NaN,0.0,NaN,0.0,NaN,NaN,0.0,NaN,NaN,NaN
1.79,0.0,NaN,0.0,NaN,0.0,NaN,NaN,0.0,NaN,NaN,NaN
1.8,0.0,NaN,0.0,NaN,0.0,NaN,NaN,0.0,NaN,NaN,NaN
1.81,0.0,NaN,0.0,NaN,0.0,NaN,NaN,0.0,NaN,NaN,NaN
1.82,0.0,NaN,0.0,NaN,0.0,NaN,NaN,0.0,NaN,NaN,NaN
1.83,0.0,NaN,0.0,NaN,0.0,NaN,NaN,0.0,NaN,NaN,NaN
1.84,0.0,NaN,0.0,NaN,0.0,NaN,NaN,0.0,NaN,NaN,NaN
1.85,0.0,NaN,0.0,NaN,0.0,NaN,NaN,0.0,NaN,NaN,NaN
1.86,0.0,NaN,0.0,NaN,0.0,NaN,NaN,0.0,NaN,NaN,NaN
1.87,0.0,NaN,0.0,NaN,0.0,NaN,NaN,0.0,NaN,NaN,NaN
1.8800000000000001,0.0,NaN,0.0,NaN,0.0,NaN,NaN,0.0,NaN,NaN,NaN
1.8900000000000001,0.0,NaN,0.0,NaN,0.0,NaN,NaN,0.0,NaN,NaN,NaN
1.9000000000000001,0.0,NaN,0.0,NaN,0.0,NaN,NaN,0.0,NaN,NaN,NaN
1.9100000000000001,0.0,NaN,0.0,NaN,0.0,NaN,NaN,0.0,NaN,NaN,NaN
1.92,0.0,NaN,0.0,NaN,0.0,NaN,NaN,0.0,NaN,NaN,NaN
1.93,0.0,NaN,0.0,NaN,0.0,NaN,NaN,0.0,NaN,NaN,NaN
1.94,0.0,NaN,0.0,NaN,0.0,NaN,NaN,0.0,NaN,NaN,NaN
1.95,0.0,NaN,0.0,NaN,0.0,NaN,NaN,0.0,NaN,NaN,NaN
1.96,0.0,NaN,0.0,NaN,0.0,NaN,NaN,0.0,NaN,NaN,NaN
1.97,0.0,NaN,0.0,NaN,0.0,NaN,NaN,0.0,NaN,NaN,NaN
1.98,0.0,NaN,0.0,NaN,0.0,NaN,NaN,0.0,NaN,NaN,NaN
1.99,0.0,NaN,0.0,NaN,0.0,NaN,NaN,0.0,NaN,NaN,NaN
2.0,0.0,NaN,0.0,NaN,0.0,NaN,NaN,0.0,NaN,NaN,NaN
2.0100000000000002,0.0,NaN,0.0,NaN,0.0,NaN,NaN,0.0,NaN,NaN,NaN
2.02,0.0,NaN,0.0,NaN,0.0,NaN,NaN,0.0,NaN,NaN,NaN
2.0300000000000002,0.0,NaN,0.0,NaN,0.0,NaN,NaN,0.0,NaN,NaN,NaN
2.04,0.0,NaN,0.0,NaN,0.0,NaN,NaN,0.0,NaN,NaN,NaN
2.05,0.0,NaN,0.0,NaN,0.0,NaN,NaN,0.0,NaN,NaN,NaN
2.06,0.0,NaN,0.0,NaN,0.0,NaN,NaN,0.0,NaN,NaN,NaN
2.07,0.0,NaN,0.0,NaN,0.0,NaN,NaN,0.0,NaN,NaN,NaN
2.08,0.0,NaN,0.0,NaN,0.0,NaN,NaN,0.0,NaN,NaN,NaN
2.09,0.0,NaN,0.0,NaN,0.0,NaN,NaN,0.0,NaN,NaN,NaN
2.1,0.0,NaN,0.0,NaN,0.0,NaN,NaN,0.0,NaN,NaN,NaN
2.11,0.0,NaN,0.0,NaN,0.0,NaN,NaN,0.0,NaN,NaN,NaN
2.12,0.0,NaN,0.0,NaN,0.0,NaN,NaN,0.0,NaN,NaN,NaN
2.13,0.0,NaN,0.0,NaN,0.0,NaN,NaN,0.0,NaN,NaN,NaN
2.14,0.0,NaN,0.0,NaN,0.0,NaN,NaN,0.0,NaN,NaN,NaN
2.15,0.0,NaN,0.0,NaN,0.0,NaN,NaN,0.0,NaN,NaN,NaN
2.16,0.0,NaN,0.0,NaN,0.0,NaN,NaN,0.0,NaN,NaN,NaN
2.17,0.0,NaN,0.0,NaN,0.0,NaN,NaN,0.0,NaN,NaN,NaN
2.18,0.0,NaN,0.0,NaN,0.0,NaN,NaN,0.0,NaN,NaN,NaN
2.19,0.0,NaN,0.0,NaN,0.0,NaN,NaN,0.0,NaN,NaN,NaN
2.2,0.0,NaN,0.0,NaN,0.0,NaN,NaN,0.0,NaN,NaN,NaN
2.21,0.0,NaN,0.0,NaN,0.0,NaN,NaN,0.0,NaN,NaN,NaN
2.22,0.0,NaN,0.0,NaN,0.0,NaN,NaN,0.0,NaN,NaN,NaN
2.23,0.0,NaN,0.0,NaN,0.0,NaN,NaN,0.0,NaN,NaN,NaN
2.24,0.0,NaN,0.0,NaN,0.0,NaN,NaN,0.0,NaN,NaN,NaN
2.25,0.0,NaN,0.0,NaN,0.0,NaN,NaN,0.0,NaN,NaN,NaN
2.2600000000000002,0.0,NaN,0.0,NaN,0.0,NaN,NaN,0.0,NaN,NaN,NaN
2.27,0.0,NaN,0.0,NaN,0.0,NaN,NaN,0.0,NaN,NaN,NaN
2.2800000000000002,0.0,NaN,0.0,NaN,0.0,NaN,NaN,0.0,NaN,NaN,NaN
2.29,0.0,NaN,0.0,NaN,0.0,NaN,NaN,0.0,NaN,NaN,NaN
2.3000000000000003,0.0,NaN,0.0,NaN,0.0,NaN,NaN,0.0,NaN,NaN,NaN
2.31,0.0,NaN,0.0,NaN,0.0,NaN,NaN,0.0,NaN,NaN,NaN
2.32,0.0,NaN,0.0,NaN,0.0,NaN,NaN,0.0,NaN,NaN,NaN
2.33,0.0,NaN,0.0,NaN,0.0,NaN,NaN,0.0,NaN,NaN,NaN
2.34,0.0,NaN,0.0,NaN,0.0,NaN,NaN,0.0,NaN,NaN,NaN
2.35,0.0,NaN,0.0,NaN,0.0,NaN,NaN,0.0,NaN,NaN,NaN
2.36,0.0,NaN,0.0,NaN,0.0,NaN,NaN,0.0,NaN,NaN,NaN
2.37,0.0,NaN,0.0,NaN,0.0,NaN,NaN,0.0,NaN,NaN,NaN
2.38,0.0,NaN,0.0,NaN,0.0,NaN,NaN,0.0,NaN,NaN,NaN
2.39,0.0,NaN,0.0,NaN,0.0,NaN,NaN,0.0,NaN,NaN,NaN
2.4,0.0,NaN,0.0,NaN,0.0,NaN,NaN,0.0,NaN,NaN,NaN
2.41,0.0,NaN,0.0,NaN,0.0,NaN,NaN,0.0,NaN,NaN,NaN
2.42,0.0,NaN,0.0,NaN,0.0,NaN,NaN,0.0,NaN,NaN,NaN
2.43,0.0,NaN,0.0,NaN,0.0,NaN,NaN,0.0,NaN,NaN,NaN
2.44,0.0,NaN,0.0,NaN,0.0,NaN,NaN,0.0,NaN,NaN,NaN
2.45,0.0,NaN,0.0,NaN,0.0,NaN,NaN,0.0,NaN,NaN,NaN
2.46,0.0,NaN,0.0,NaN,0.0,NaN,NaN,0.0,NaN,NaN,NaN
2.47,0.0,NaN,0.0,NaN,0.0,NaN,NaN,0.0,NaN,NaN,NaN
2.48,0.0,NaN,0.0,NaN,0.0,NaN,NaN,0.0,NaN,NaN,NaN
2.49,0.0,NaN,0.0,NaN,0.0,NaN,NaN,0.0,NaN,NaN,NaN
2.5,0.0,NaN,0.0,NaN,0.0,NaN,NaN,0.0,NaN,NaN,NaN
2.5100000000000002,0.0,NaN,0.0,NaN,0.0,NaN,NaN,0.0,NaN,NaN,NaN
2.52,0.0,NaN,0.0,NaN,0.0,NaN,NaN,0.0,NaN,NaN,NaN
2.5300000000000002,0.0,NaN,0.0,NaN,0.0,NaN,NaN,0.0,NaN,NaN,NaN
2.54,0.0,NaN,0.0,NaN,0.0,NaN,NaN,0.0,NaN,NaN,NaN
2.5500000000000003,0.0,NaN,0.0,NaN,0.0,NaN,NaN,0.0,NaN,NaN,NaN
2.56,0.0,NaN,0.0,NaN,0.0,NaN,NaN,0.0,NaN,NaN,NaN
2.57,0.0,NaN,0.0,NaN,0.0,NaN,NaN,0.0,NaN,NaN,NaN
2.58,0.0,NaN,0.0,NaN,0.0,NaN,NaN,0.0,NaN,NaN,NaN
2.59,0.0,NaN,0.0,NaN,0.0,NaN,NaN,0.0,NaN,NaN,NaN
2.6,0.0,NaN,0.0,NaN,0.0,NaN,NaN,0.0,NaN,NaN,NaN
2.61,0.0,NaN,0.0,NaN,0.0,NaN,NaN,0.0,NaN,NaN,NaN
2.62,0.0,NaN,0.0,NaN,0.0,NaN,NaN,0.0,NaN,NaN,NaN
2.63,0.0,NaN,0.0,NaN,0.0,NaN,NaN,0.0,NaN,NaN,NaN
2.64,0.0,NaN,0.0,NaN,0.0,NaN,NaN,0.0,NaN,NaN,NaN
2.65,0.0,NaN,0.0,NaN,0.0,NaN,NaN,0.0,NaN,NaN,NaN
2.66,0.0,NaN,0.0,NaN,0.0,NaN,NaN,0.0,NaN,NaN,NaN
2.67,0.0,NaN,0.0,NaN,0.0,NaN,NaN,0.0,NaN,NaN,NaN
2.68,0.0,NaN,0.0,NaN,0.0,NaN,NaN,0.0,NaN,NaN,NaN
2.69,0.0,NaN,0.0,NaN,0.0,NaN,NaN,0.0,NaN,NaN,NaN
2.7,0.0,NaN,0.0,NaN,0.0,NaN,NaN,0.0,NaN,NaN,NaN
2.71,0.0,NaN,0.0,NaN,0.0,NaN,NaN,0.0,NaN,NaN,NaN
2.72,0.0,NaN,0.0,NaN,0.0,NaN,NaN,0.0,NaN,NaN,NaN
2.73,0.0,NaN,0.0,NaN,0.0,NaN,NaN,0.0,NaN,NaN,NaN
2.74,0.0,NaN,0.0,NaN,0.0,NaN,NaN,0.0,NaN,NaN,NaN
2.75,0.0,NaN,0.0,NaN,0.0,NaN,NaN,0.0,NaN,NaN,NaN
2.7600000000000002,0.0,NaN,0.0,NaN,0.0,NaN,NaN,0.0,NaN,NaN,NaN
2.77,0.0,NaN,0.0,NaN,0.0,NaN,NaN,0.0,NaN,NaN,NaN
2.7800000000000002,0.0,NaN,0.0,NaN,0.0,NaN,NaN,0.0,NaN,NaN,NaN
2.79,0.0,NaN,0.0,NaN,0.0,NaN,NaN,0.0,NaN,NaN,NaN
2.8000000000000003,0.0,NaN,0.0,NaN,0.0,NaN,NaN,0.0,NaN,NaN,NaN
2.81,0.0,NaN,0.0,NaN,0.0,NaN,NaN,0.0,NaN,NaN,NaN
2.82,0.0,NaN,0.0,NaN,0.0,NaN,NaN,0.0,NaN,NaN,NaN
2.83,0.0,NaN,0.0,NaN,0.0,NaN,NaN,0.0,NaN,NaN,NaN
2.84,0.0,NaN,0.0,NaN,0.0,NaN,NaN,0.0,NaN,NaN,NaN
2.85,0.0,NaN,0.0,NaN,0.0,NaN,NaN,0.0,NaN,NaN,NaN
2.86,0.0,NaN,0.0,NaN,0.0,NaN,NaN,0.0,NaN,NaN,NaN
2.87,0.0,NaN,0.0,NaN,0.0,NaN,NaN,0.0,NaN,NaN,NaN
2.88,0.0,NaN,0.0,NaN,0.0,NaN,NaN,0.0,NaN,NaN,NaN
2.89,0.0,NaN,0.0,NaN,0.0,NaN,NaN,0.0,NaN,NaN,NaN
2.9,0.0,NaN,0.0,NaN,0.0,NaN,NaN,0.0,NaN,NaN,NaN
2.91,0.0,NaN,0.0,NaN,0.0,NaN,NaN,0.0,NaN,NaN,NaN
2.92,0.0,NaN,0.0,NaN,0.0,NaN,NaN,0.0,NaN,NaN,NaN
2.93,0.0,NaN,0.0,NaN,0.0,NaN,NaN,0.0,NaN,NaN,NaN
2.94,0.0,NaN,0.0,NaN,0.0,NaN,NaN,0.0,NaN,NaN,NaN
2.95,0.0,NaN,0.0,NaN,0.0,NaN,NaN,0.0,NaN,NaN,NaN
2.96,0.0,NaN,0.0,NaN,0.0,NaN,NaN,0.0,NaN,NaN,NaN
2.97,250.0,NaN,0.0,NaN,0.0,NaN,NaN,0.0,NaN,NaN,NaN
2.98,0.0,NaN,0.0,NaN,0.0,NaN,NaN,0.0,NaN,NaN,NaN
2.99,0.0,NaN,0.0,NaN,0.0,NaN,NaN,0.0,NaN,NaN,NaN
3.0,0.0,NaN,0.0,NaN,0.0,NaN,NaN,0.0,NaN,NaN,NaN
3.0100000000000002,0.0,NaN,0.0,NaN,0.0,NaN,NaN,0.0,NaN,NaN,NaN
3.02,0.0,NaN,0.0,NaN,0.0,NaN,NaN,0.0,NaN,NaN,NaN
3.0300000000000002,0.0,NaN,0.0,NaN,0.0,NaN,NaN,0.0,NaN,NaN,NaN
3.04,0.0,NaN,0.0,NaN,0.0,NaN,NaN,0.0,NaN,NaN,NaN
3.0500000000000003,0.0,NaN,0.0,NaN,0.0,NaN,NaN,0.0,NaN,NaN,NaN
3.06,0.0,NaN,0.0,NaN,0.0,NaN,NaN,0.0,NaN,NaN,NaN
3.0700000000000003,0.0,NaN,0.0,NaN,0.0,NaN,NaN,0.0,NaN,NaN,NaN
3.08,0.0,NaN,0.0,NaN,0.0,NaN,NaN,0.0,NaN,NaN,NaN
3.09,0.0,NaN,0.0,NaN,0.0,NaN,NaN,0.0,NaN,NaN,NaN
3.1,0.0,NaN,0.0,NaN,0.0,NaN,NaN,0.0,NaN,NaN,NaN
3.11,0.0,NaN,0.0,NaN,0.0,NaN,NaN,0.0,NaN,NaN,NaN
3.12,0.0,NaN,0.0,NaN,0.0,NaN,NaN,0.0,NaN,NaN,NaN
3.13,0.0,NaN,0.0,NaN,0.0,NaN,NaN,0.0,NaN,NaN,NaN
3.14,0.0,NaN,0.0,NaN,0.0,NaN,NaN,0.0,NaN,NaN,NaN
3.15,0.0,NaN,0.0,NaN,0.0,NaN,NaN,0.0,NaN,NaN,NaN
3.16,0.0,NaN,0.0,NaN,0.0,NaN,NaN,0.0,NaN,NaN,NaN
3.17,0.0,NaN,0.0,NaN,0.0,NaN,NaN,0.0,NaN,NaN,NaN
3.18,0.0,NaN,0.0,NaN,0.0,NaN,NaN,0.0,NaN,NaN,NaN
3.19,0.0,NaN,0.0,NaN,0.0,NaN,NaN,0.0,NaN,NaN,NaN
3.2,0.0,NaN,0.0,NaN,0.0,NaN,NaN,0.0,NaN,NaN,NaN
3.21,0.0,NaN,0.0,NaN,0.0,NaN,NaN,0.0,NaN,NaN,NaN
3.22,0.0,NaN,0.0,NaN,0.0,NaN,NaN,0.0,NaN,NaN,NaN
3.23,0.0,NaN,0.0,NaN,0.0,NaN,NaN,0.0,NaN,NaN,NaN
3.24,0.0,NaN,0.0,NaN,0.0,NaN,NaN,0.0,NaN,NaN,NaN
3.25,0.0,NaN,0.0,NaN,0.0,NaN,NaN,0.0,NaN,NaN,NaN
3.2600000000000002,0.0,NaN,0.0,NaN,0.0,NaN,NaN,0.0,NaN,NaN,NaN
3.27,0.0,NaN,0.0,NaN,0.0,NaN,NaN,0.0,NaN,NaN,NaN
3.2800000000000002,0.0,NaN,0.0,NaN,0.0,NaN,NaN,0.0,NaN,NaN,NaN
3.29,0.0,NaN,0.0,NaN,0.0,NaN,NaN,0.0,NaN,NaN,NaN
3.3000000000000003,0.0,NaN,0.0,NaN,0.0,NaN,NaN,0.0,NaN,NaN,NaN
3.31,0.0,NaN,0.0,NaN,0.0,NaN,NaN,0.0,NaN,NaN,NaN
3.3200000000000003,0.0,NaN,0.0,NaN,0.0,NaN,NaN,0.0,NaN,NaN,NaN
3.33,0.0,NaN,0.0,NaN,0.0,NaN,NaN,0.0,NaN,NaN,NaN
3.34,0.0,NaN,0.0,NaN,0.0,NaN,NaN,0.0,NaN,NaN,NaN
3.35,0.0,NaN,0.0,NaN,0.0,NaN,NaN,0.0,NaN,NaN,NaN
3.36,0.0,NaN,0.0,NaN,0.0,NaN,NaN,0.0,NaN,NaN,NaN
3.37,0.0,NaN,0.0,NaN,0.0,NaN,NaN,0.0,NaN,NaN,NaN
3.38,0.0,NaN,0.0,NaN,0.0,NaN,NaN,0.0,NaN,NaN,NaN
3.39,0.0,NaN,0.0,NaN,0.0,NaN,NaN,0.0,NaN,NaN,NaN
3.4,0.0,NaN,0.0,NaN,0.0,NaN,NaN,0.0,NaN,NaN,NaN
3.41,0.0,NaN,0.0,NaN,0.0,NaN,NaN,0.0,NaN,NaN,NaN
3.42,0.0,NaN,0.0,NaN,0.0,NaN,NaN,0.0,NaN,NaN,NaN
3.43,0.0,NaN,0.0,NaN,0.0,NaN,NaN,0.0,NaN,NaN,NaN
3.44,0.0,NaN,0.0,NaN,0.0,NaN,NaN,0.0,NaN,NaN,NaN
3.45,0.0,NaN,0.0,NaN,0.0,NaN,NaN,0.0,NaN,NaN,NaN
3.46,0.0,NaN,0.0,NaN,0.0,NaN,NaN,0.0,NaN,NaN,NaN
3.47,0.0,NaN,0.0,NaN,0.0,NaN,NaN,0.0,NaN,NaN,NaN
3.48,0.0,NaN,0.0,NaN,0.0,NaN,NaN,0.0,NaN,NaN,NaN
3.49,0.0,NaN,0.0,NaN,0.0,NaN,NaN,0.0,NaN,NaN,NaN
3.5,0.0,NaN,0.0,NaN,0.0,NaN,NaN,0.0,NaN,NaN,NaN
3.5100000000000002,0.0,NaN,0.0,NaN,0.0,NaN,NaN,250.0,NaN,NaN,NaN
3.52,0.0,NaN,0.0,NaN,0.0,NaN,NaN,0.0,NaN,NaN,NaN
3.5300000000000002,0.0,NaN,0.0,NaN,0.0,NaN,NaN,0.0,NaN,NaN,NaN
3.54,0.0,NaN,0.0,NaN,0.0,NaN,NaN,0.0,NaN,NaN,NaN
3.5500000000000003,0.0,NaN,0.0,NaN,0.0,NaN,NaN,0.0,NaN,NaN,NaN
3.56,0.0,NaN,0.0,NaN,0.0,NaN,NaN,0.0,NaN,NaN,NaN
3.5700000000000003,0.0,NaN,0.0,NaN,0.0,NaN,NaN,0.0,NaN,NaN,NaN
3.58,0.0,NaN,0.0,NaN,0.0,NaN,NaN,0.0,NaN,NaN,NaN
3.59,0.0,NaN,0.0,NaN,0.0,NaN,NaN,0.0,NaN,NaN,NaN
3.6,0.0,NaN,0.0,NaN,0.0,NaN,NaN,0.0,NaN,NaN,NaN
3.61,0.0,NaN,0.0,NaN,0.0,NaN,NaN,0.0,NaN,NaN,NaN
3.62,0.0,NaN,0.0,NaN,0.0,NaN,NaN,0.0,NaN,NaN,NaN
3.63,0.0,NaN,0.0,NaN,0.0,NaN,NaN,0.0,NaN,NaN,NaN
3.64,0.0,NaN,0.0,NaN,0.0,NaN,NaN,0.0,NaN,NaN,NaN
3.65,0.0,NaN,0.0,NaN,0.0,NaN,NaN,0.0,NaN,NaN,NaN
3.66,0.0,NaN,0.0,NaN,0.0,NaN,NaN,0.0,NaN,NaN,NaN
3.67,0.0,NaN,0.0,NaN,0.0,NaN,NaN,0.0,NaN,NaN,NaN
3.68,0.0,NaN,0.0,NaN,500.0,NaN,NaN,0.0,NaN,NaN,NaN
3.69,0.0,NaN,0.0,NaN,0.0,NaN,NaN,0.0,NaN,NaN,NaN
3.7,0.0,NaN,0.0,NaN,0.0,NaN,NaN,0.0,NaN,NaN,NaN
3.71,0.0,NaN,0.0,NaN,0.0,NaN,NaN,0.0,NaN,NaN,NaN
3.72,0.0,NaN,0.0,NaN,0.0,NaN,NaN,0.0,NaN,NaN,NaN
3.73,0.0,NaN,0.0,NaN,0.0,NaN,NaN,0.0,NaN,NaN,NaN
3.74,0.0,NaN,0.0,NaN,0.0,NaN,NaN,0.0,NaN,NaN,NaN
3.75,0.0,NaN,0.0,NaN,0.0,NaN,NaN,0.0,NaN,NaN,NaN
3.7600000000000002,0.0,NaN,0.0,NaN,0.0,NaN,NaN,0.0,NaN,NaN,NaN
3.77,0.0,NaN,0.0,NaN,0.0,NaN,NaN,0.0,NaN,NaN,NaN
3.7800000000000002,0.0,NaN,0.0,NaN,0.0,NaN,NaN,0.0,NaN,NaN,NaN
3.79,0.0,NaN,0.0,NaN,0.0,NaN,NaN,0.0,NaN,NaN,NaN
3.8000000000000003,0.0,NaN,0.0,NaN,0.0,NaN,NaN,0.0,NaN,NaN,NaN
3.81,0.0,NaN,0.0,NaN,0.0,NaN,NaN,0.0,NaN,NaN,NaN
3.8200000000000003,0.0,NaN,0.0,NaN,0.0,NaN,NaN,0.0,NaN,NaN,NaN
3.83,0.0,NaN,0.0,NaN,0.0,NaN,NaN,0.0,NaN,NaN,NaN
3.84,0.0,NaN,0.0,NaN,0.0,NaN,NaN,0.0,NaN,NaN,NaN
3.85,0.0,NaN,0.0,NaN,0.0,NaN,NaN,0.0,NaN,NaN,NaN
3.86,0.0,NaN,0.0,NaN,0.0,NaN,NaN,0.0,NaN,NaN,NaN
3.87,0.0,NaN,0.0,NaN,0.0,NaN,NaN,0.0,NaN,NaN,NaN
3.88,0.0,NaN,0.0,NaN,0.0,NaN,NaN,0.0,NaN,NaN,NaN
3.89,0.0,NaN,0.0,NaN,0.0,NaN,NaN,0.0,NaN,NaN,NaN
3.9,0.0,NaN,0.0,NaN,0.0,NaN,NaN,0.0,NaN,NaN,NaN
3.91,0.0,NaN,0.0,NaN,0.0,NaN,NaN,0.0,NaN,NaN,NaN
3.92,0.0,NaN,0.0,NaN,0.0,NaN,NaN,0.0,NaN,NaN,NaN
3.93,0.0,NaN,0.0,NaN,0.0,NaN,NaN,0.0,NaN,NaN,NaN
3.94,0.0,NaN,0.0,NaN,0.0,NaN,NaN,0.0,NaN,NaN,NaN
3.95,0.0,NaN,0.0,NaN,0.0,NaN,NaN,0.0,NaN,NaN,NaN
3.96,0.0,NaN,0.0,NaN,0.0,NaN,NaN,0.0,NaN,NaN,NaN
3.97,0.0,NaN,0.0,NaN,0.0,NaN,NaN,0.0,NaN,NaN,NaN
3.98,0.0,NaN,0.0,NaN,0.0,NaN,NaN,0.0,NaN,NaN,NaN
3.99,0.0,NaN,0.0,NaN,0.0,NaN,NaN,0.0,NaN,NaN,NaN
4.0,0.0,NaN,0.0,NaN,0.0,NaN,NaN,0.0,NaN,NaN,NaN
4.01,0.0,NaN,0.0,NaN,0.0,NaN,NaN,0.0,NaN,NaN,NaN
4.0200000000000005,0.0,NaN,0.0,NaN,0.0,NaN,NaN,0.0,NaN,NaN,NaN
4.03,0.0,NaN,0.0,NaN,0.0,NaN,NaN,0.0,NaN,NaN,NaN
4.04,0.0,NaN,0.0,NaN,0.0,NaN,NaN,0.0,NaN,NaN,NaN
4.05,0.0,NaN,0.0,NaN,0.0,NaN,NaN,0.0,NaN,NaN,NaN
4.0600000000000005,0.0,NaN,0.0,NaN,0.0,NaN,NaN,0.0,NaN,NaN,NaN
4.07,0.0,NaN,0.0,NaN,0.0,NaN,NaN,0.0,NaN,NaN,NaN
4.08,0.0,NaN,0.0,NaN,0.0,NaN,NaN,0.0,NaN,NaN,NaN
4.09,0.0,NaN,0.0,NaN,0.0,NaN,NaN,0.0,NaN,NaN,NaN
4.1,0.0,NaN,0.0,NaN,0.0,NaN,NaN,0.0,NaN,NaN,NaN
4.11,0.0,NaN,0.0,NaN,0.0,NaN,NaN,0.0,NaN,NaN,NaN
4.12,0.0,NaN,0.0,NaN,0.0,NaN,NaN,0.0,NaN,NaN,NaN
4.13,0.0,NaN,0.0,NaN,0.0,NaN,NaN,0.0,NaN,NaN,NaN
4.14,0.0,NaN,0.0,NaN,0.0,NaN,NaN,0.0,NaN,NaN,NaN
4.15,0.0,NaN,0.0,NaN,0.0,NaN,NaN,0.0,NaN,NaN,NaN
4.16,0.0,NaN,0.0,NaN,0.0,NaN,NaN,0.0,NaN,NaN,NaN
4.17,0.0,NaN,0.0,NaN,0.0,NaN,NaN,0.0,NaN,NaN,NaN
4.18,0.0,NaN,0.0,NaN,0.0,NaN,NaN,0.0,NaN,NaN,NaN
4.19,0.0,NaN,0.0,NaN,0.0,NaN,NaN,0.0,NaN,NaN,NaN
4.2,0.0,NaN,0.0,NaN,0.0,NaN,NaN,0.0,NaN,NaN,NaN
4.21,0.0,NaN,0.0,NaN,0.0,NaN,NaN,0.0,NaN,NaN,NaN
4.22,0.0,NaN,0.0,NaN,0.0,NaN,NaN,0.0,NaN,NaN,NaN
4.23,0.0,NaN,0.0,NaN,0.0,NaN,NaN,0.0,NaN,NaN,NaN
4.24,0.0,NaN,0.0,NaN,0.0,NaN,NaN,0.0,NaN,NaN,NaN
4.25,0.0,NaN,0.0,NaN,0.0,NaN,NaN,0.0,NaN,NaN,NaN
4.26,0.0,NaN,0.0,NaN,0.0,NaN,NaN,0.0,NaN,NaN,NaN
4.2700000000000005,0.0,NaN,0.0,NaN,0.0,NaN,NaN,0.0,NaN,NaN,NaN
4.28,0.0,NaN,0.0,NaN,0.0,NaN,NaN,0.0,NaN,NaN,NaN
4.29,0.0,NaN,0.0,NaN,0.0,NaN,NaN,0.0,NaN,NaN,NaN
4.3,0.0,NaN,0.0,NaN,0.0,NaN,NaN,0.0,NaN,NaN,NaN
4.3100000000000005,0.0,NaN,0.0,NaN,0.0,NaN,NaN,0.0,NaN,NaN,NaN
4.32,0.0,NaN,0.0,NaN,0.0,NaN,NaN,0.0,NaN,NaN,NaN
4.33,0.0,NaN,0.0,NaN,0.0,NaN,NaN,0.0,NaN,NaN,NaN
4.34,0.0,NaN,0.0,NaN,0.0,NaN,NaN,0.0,NaN,NaN,NaN
4.3500000000000005,0.0,NaN,0.0,NaN,0.0,NaN,NaN,0.0,NaN,NaN,NaN
4.36,0.0,NaN,0.0,NaN,0.0,NaN,NaN,0.0,NaN,NaN,NaN
4.37,0.0,NaN,0.0,NaN,0.0,NaN,NaN,0.0,NaN,NaN,NaN
4.38,0.0,NaN,0.0,NaN,0.0,NaN,NaN,0.0,NaN,NaN,NaN
4.39,0.0,NaN,0.0,NaN,0.0,NaN,NaN,0.0,NaN,NaN,NaN
4.4,0.0,NaN,0.0,NaN,0.0,NaN,NaN,0.0,NaN,NaN,NaN
4.41,0.0,NaN,0.0,NaN,0.0,NaN,NaN,0.0,NaN,NaN,NaN
4.42,0.0,NaN,0.0,NaN,0.0,NaN,NaN,0.0,NaN,NaN,NaN
4.43,0.0,NaN,0.0,NaN,0.0,NaN,NaN,0.0,NaN,NaN,NaN
4.44,0.0,NaN,0.0,NaN,0.0,NaN,NaN,0.0,NaN,NaN,NaN
4.45,0.0,NaN,0.0,NaN,0.0,NaN,NaN,0.0,NaN,NaN,NaN
4.46,0.0,NaN,0.0,NaN,0.0,NaN,NaN,0.0,NaN,NaN,NaN
4.47,0.0,NaN,0.0,NaN,0.0,NaN,NaN,0.0,NaN,NaN,NaN
4.48,0.0,NaN,0.0,NaN,0.0,NaN,NaN,0.0,NaN,NaN,NaN
4.49,0.0,NaN,0.0,NaN,0.0,NaN,NaN,0.0,NaN,NaN,NaN
4.5,0.0,NaN,0.0,NaN,0.0,NaN,NaN,0.0,NaN,NaN,NaN
4.51,0.0,NaN,0.0,NaN,0.0,NaN,NaN,0.0,NaN,NaN,NaN
4.5200000000000005,0.0,NaN,0.0,NaN,0.0,NaN,NaN,0.0,NaN,NaN,NaN
4.53,0.0,NaN,0.0,NaN,0.0,NaN,NaN,0.0,NaN,NaN,NaN
4.54,0.0,NaN,0.0,NaN,0.0,NaN,NaN,0.0,NaN,NaN,NaN
4.55,0.0,NaN,0.0,NaN,0.0,NaN,NaN,0.0,NaN,NaN,NaN
4.5600000000000005,0.0,NaN,0.0,NaN,0.0,NaN,NaN,0.0,NaN,NaN,NaN
4.57,0.0,NaN,0.0,NaN,0.0,NaN,NaN,0.0,NaN,NaN,NaN
4.58,0.0,NaN,0.0,NaN,0.0,NaN,NaN,0.0,NaN,NaN,NaN
4.59,0.0,NaN,0.0,NaN,0.0,NaN,NaN,0.0,NaN,NaN,NaN
4.6000000000000005,0.0,NaN,0.0,NaN,0.0,NaN,NaN,0.0,NaN,NaN,NaN
4.61,0.0,NaN,0.0,NaN,0.0,NaN,NaN,0.0,NaN,NaN,NaN
4.62,0.0,NaN,0.0,NaN,0.0,NaN,NaN,0.0,NaN,NaN,NaN
4.63,0.0,NaN,0.0,NaN,0.0,NaN,NaN,0.0,NaN,NaN,NaN
4.64,0.0,NaN,0.0,NaN,0.0,NaN,NaN,0.0,NaN,NaN,NaN
4.65,0.0,NaN,0.0,NaN,0.0,NaN,NaN,0.0,NaN,NaN,NaN
4.66,0.0,NaN,0.0,NaN,0.0,NaN,NaN,0.0,NaN,NaN,NaN
4.67,0.0,NaN,0.0,NaN,0.0,NaN,NaN,0.0,NaN,NaN,NaN
4.68,0.0,NaN,0.0,NaN,0.0,NaN,NaN,0.0,NaN,NaN,NaN
4.69,0.0,NaN,0.0,NaN,0.0,NaN,NaN,0.0,NaN,NaN,NaN
4.7,0.0,NaN,0.0,NaN,0.0,NaN,NaN,0.0,NaN,NaN,NaN
4.71,0.0,NaN,0.0,NaN,0.0,NaN,NaN,0.0,NaN,NaN,NaN
4.72,0.0,NaN,0.0,NaN,0.0,NaN,NaN,0.0,NaN,NaN,NaN
4.73,0.0,NaN,0.0,NaN,0.0,NaN,NaN,0.0,NaN,NaN,NaN
4.74,0.0,NaN,0.0,NaN,0.0,NaN,NaN,0.0,NaN,NaN,NaN
4.75,0.0,NaN,0.0,NaN,0.0,NaN,NaN,0.0,NaN,NaN,NaN
4.76,0.0,NaN,0.0,NaN,0.0,NaN,NaN,0.0,NaN,NaN,NaN
4.7700000000000005,0.0,NaN,0.0,NaN,0.0,NaN,NaN,0.0,NaN,NaN,NaN
4.78,0.0,NaN,0.0,NaN,0.0,NaN,NaN,0.0,NaN,NaN,NaN
4.79,0.0,NaN,0.0,NaN,0.0,NaN,NaN,0.0,NaN,NaN,NaN
4.8,0.0,NaN,0.0,NaN,0.0,NaN,NaN,0.0,NaN,NaN,NaN
4.8100000000000005,0.0,NaN,0.0,NaN,0.0,NaN,NaN,0.0,NaN,NaN,NaN
4.82,0.0,NaN,0.0,NaN,0.0,NaN,NaN,0.0,NaN,NaN,NaN
4.83,0.0,NaN,0.0,NaN,0.0,NaN,NaN,0.0,NaN,NaN,NaN
4.84,0.0,NaN,0.0,NaN,0.0,NaN,NaN,0.0,NaN,NaN,NaN
4.8500000000000005,0.0,NaN,0.0,NaN,0.0,NaN,NaN,0.0,NaN,NaN,NaN
4.86,0.0,NaN,0.0,NaN,0.0,NaN,NaN,0.0,NaN,NaN,NaN
4.87,0.0,NaN,0.0,NaN,0.0,NaN,NaN,0.0,NaN,NaN,NaN
4.88,0.0,NaN,0.0,NaN,0.0,NaN,NaN,0.0,NaN,NaN,NaN
4.89,0.0,NaN,0.0,NaN,0.0,NaN,NaN,0.0,NaN,NaN,NaN
4.9,0.0,NaN,0.0,NaN,0.0,NaN,NaN,0.0,NaN,NaN,NaN
4.91,0.0,NaN,0.0,NaN,0.0,NaN,NaN,0.0,NaN,NaN,NaN
4.92,0.0,NaN,0.0,NaN,0.0,NaN,NaN,0.0,NaN,NaN,NaN
4.93,0.0,NaN,0.0,NaN,0.0,NaN,NaN,0.0,NaN,NaN,NaN
4.94,0.0,NaN,0.0,NaN,0.0,NaN,NaN,0.0,NaN,NaN,NaN
4.95,0.0,NaN,0.0,NaN,0.0,NaN,NaN,0.0,NaN,NaN,NaN
4.96,0.0,NaN,0.0,NaN,0.0,NaN,NaN,0.0,NaN,NaN,NaN
4.97,0.0,NaN,0.0,NaN,0.0,NaN,NaN,0.0,NaN,NaN,NaN
4.98,0.0,NaN,0.0,NaN,0.0,NaN,NaN,0.0,NaN,NaN,NaN
4.99,0.0,NaN,0.0,NaN,0.0,NaN,NaN,0.0,NaN,NaN,NaN
5.0,0.0,NaN,0.0,NaN,0.0,NaN,NaN,0.0,NaN,NaN,NaN
5.01,0.0,NaN,0.0,NaN,0.0,NaN,NaN,0.0,NaN,NaN,NaN
5.0200000000000005,0.0,NaN,0.0,NaN,0.0,NaN,NaN,0.0,NaN,NaN,NaN
5.03,0.0,NaN,0.0,NaN,0.0,NaN,NaN,0.0,NaN,NaN,NaN
5.04,0.0,NaN,0.0,NaN,0.0,NaN,NaN,0.0,NaN,NaN,NaN
5.05,0.0,NaN,0.0,NaN,0.0,NaN,NaN,0.0,NaN,NaN,NaN
5.0600000000000005,0.0,NaN,0.0,NaN,0.0,NaN,NaN,0.0,NaN,NaN,NaN
5.07,0.0,NaN,0.0,NaN,0.0,NaN,NaN,0.0,NaN,NaN,NaN
5.08,0.0,NaN,0.0,NaN,0.0,NaN,NaN,0.0,NaN,NaN,NaN
5.09,0.0,NaN,0.0,NaN,0.0,NaN,NaN,0.0,NaN,NaN,NaN
5.1000000000000005,0.0,NaN,0.0,NaN,0.0,NaN,NaN,0.0,NaN,NaN,NaN
5.11,0.0,NaN,0.0,NaN,0.0,NaN,NaN,0.0,NaN,NaN,NaN
5.12,0.0,NaN,0.0,NaN,0.0,NaN,NaN,0.0,NaN,NaN,NaN
5.13,0.0,NaN,0.0,NaN,0.0,NaN,NaN,0.0,NaN,NaN,NaN
5.14,0.0,NaN,0.0,NaN,0.0,NaN,NaN,0.0,NaN,NaN,NaN
5.15,0.0,NaN,0.0,NaN,0.0,NaN,NaN,0.0,NaN,NaN,NaN
5.16,0.0,NaN,0.0,NaN,0.0,NaN,NaN,0.0,NaN,NaN,NaN
5.17,0.0,NaN,0.0,NaN,0.0,NaN,NaN,0.0,NaN,NaN,NaN
5.18,0.0,NaN,0.0,NaN,0.0,NaN,NaN,0.0,NaN,NaN,NaN
5.19,0.0,NaN,0.0,NaN,0.0,NaN,NaN,0.0,NaN,NaN,NaN
5.2,0.0,NaN,0.0,NaN,0.0,NaN,NaN,0.0,NaN,NaN,NaN
5.21,0.0,NaN,0.0,NaN,0.0,NaN,NaN,0.0,NaN,NaN,NaN
5.22,0.0,NaN,0.0,NaN,0.0,NaN,NaN,0.0,NaN,NaN,NaN
5.23,0.0,NaN,0.0,NaN,0.0,NaN,NaN,0.0,NaN,NaN,NaN
5.24,0.0,NaN,0.0,NaN,0.0,NaN,NaN,0.0,NaN,NaN,NaN
5.25,0.0,NaN,0.0,NaN,0.0,NaN,NaN,0.0,NaN,NaN,NaN
5.26,0.0,NaN,0.0,NaN,0.0,NaN,NaN,0.0,NaN,NaN,NaN
5.2700000000000005,0.0,NaN,0.0,NaN,0.0,NaN,NaN,0.0,NaN,NaN,NaN
5.28,0.0,NaN,0.0,NaN,0.0,NaN,NaN,0.0,NaN,NaN,NaN
5.29,0.0,NaN,0.0,NaN,0.0,NaN,NaN,0.0,NaN,NaN,NaN
5.3,0.0,NaN,0.0,NaN,0.0,NaN,NaN,0.0,NaN,NaN,NaN
5.3100000000000005,0.0,NaN,0.0,NaN,0.0,NaN,NaN,0.0,NaN,NaN,NaN
5.32,0.0,NaN,0.0,NaN,0.0,NaN,NaN,0.0,NaN,NaN,NaN
5.33,0.0,NaN,0.0,NaN,0.0,NaN,NaN,0.0,NaN,NaN,NaN
5.34,0.0,NaN,0.0,NaN,0.0,NaN,NaN,0.0,NaN,NaN,NaN
5.3500000000000005,0.0,NaN,0.0,NaN,0.0,NaN,NaN,0.0,NaN,NaN,NaN
5.36,0.0,NaN,0.0,NaN,0.0,NaN,NaN,0.0,NaN,NaN,NaN
5.37,0.0,NaN,0.0,NaN,0.0,NaN,NaN,0.0,NaN,NaN,NaN
5.38,0.0,NaN,0.0,NaN,0.0,NaN,NaN,0.0,NaN,NaN,NaN
5.39,0.0,NaN,0.0,NaN,0.0,NaN,NaN,0.0,NaN,NaN,NaN
5.4,0.0,NaN,0.0,NaN,0.0,NaN,NaN,0.0,NaN,NaN,NaN
5.41,0.0,NaN,0.0,NaN,0.0,NaN,NaN,0.0,NaN,NaN,NaN
5.42,0.0,NaN,0.0,NaN,0.0,NaN,NaN,0.0,NaN,NaN,NaN
5.43,0.0,NaN,0.0,NaN,0.0,NaN,NaN,0.0,NaN,NaN,NaN
5.44,0.0,NaN,0.0,NaN,0.0,NaN,NaN,0.0,NaN,NaN,NaN
5.45,0.0,NaN,0.0,NaN,0.0,NaN,NaN,0.0,NaN,NaN,NaN
5.46,0.0,NaN,0.0,NaN,0.0,NaN,NaN,0.0,NaN,NaN,NaN
5.47,0.0,NaN,0.0,NaN,0.0,NaN,NaN,0.0,NaN,NaN,NaN
5.48,0.0,NaN,0.0,NaN,0.0,NaN,NaN,0.0,NaN,NaN,NaN
5.49,0.0,NaN,0.0,NaN,0.0,NaN,NaN,0.0,NaN,NaN,NaN
5.5,0.0,NaN,NaN,NaN,0.0,NaN,NaN,0.0,NaN,NaN,NaN
5.51,0.0,NaN,NaN,NaN,0.0,NaN,NaN,0.0,NaN,NaN,NaN
5.5200000000000005,0.0,NaN,NaN,NaN,0.0,NaN,NaN,0.0,NaN,NaN,NaN
5.53,0.0,NaN,NaN,NaN,0.0,NaN,NaN,0.0,NaN,NaN,NaN
5.54,0.0,NaN,NaN,NaN,0.0,NaN,NaN,0.0,NaN,NaN,NaN
5.55,0.0,NaN,NaN,NaN,0.0,NaN,NaN,0.0,NaN,NaN,NaN
5.5600000000000005,0.0,NaN,NaN,NaN,0.0,NaN,NaN,0.0,NaN,NaN,NaN
5.57,0.0,NaN,NaN,NaN,0.0,NaN,NaN,0.0,NaN,NaN,NaN
5.58,0.0,NaN,NaN,NaN,0.0,NaN,NaN,0.0,NaN,NaN,NaN
5.59,0.0,NaN,NaN,NaN,0.0,NaN,NaN,0.0,NaN,NaN,NaN
5.6000000000000005,0.0,NaN,NaN,NaN,0.0,NaN,NaN,0.0,NaN,NaN,NaN
5.61,0.0,NaN,NaN,NaN,0.0,NaN,NaN,0.0,NaN,NaN,NaN
5.62,0.0,NaN,NaN,NaN,0.0,NaN,NaN,0.0,NaN,NaN,NaN
5.63,0.0,NaN,NaN,NaN,0.0,NaN,NaN,0.0,NaN,NaN,NaN
5.64,0.0,NaN,NaN,NaN,0.0,NaN,NaN,0.0,NaN,NaN,NaN
5.65,0.0,NaN,NaN,NaN,0.0,NaN,NaN,0.0,NaN,NaN,NaN
5.66,0.0,NaN,NaN,NaN,0.0,NaN,NaN,0.0,NaN,NaN,NaN
5.67,0.0,NaN,NaN,NaN,0.0,NaN,NaN,0.0,NaN,NaN,NaN
5.68,0.0,NaN,NaN,NaN,0.0,NaN,NaN,0.0,NaN,NaN,NaN
5.69,0.0,NaN,NaN,NaN,0.0,NaN,NaN,0.0,NaN,NaN,NaN
5.7,0.0,NaN,NaN,NaN,0.0,NaN,NaN,0.0,NaN,NaN,NaN
5.71,0.0,NaN,NaN,NaN,0.0,NaN,NaN,0.0,NaN,NaN,NaN
5.72,0.0,NaN,NaN,NaN,0.0,NaN,NaN,0.0,NaN,NaN,NaN
5.73,0.0,NaN,NaN,NaN,0.0,NaN,NaN,0.0,NaN,NaN,NaN
5.74,0.0,NaN,NaN,NaN,0.0,NaN,NaN,0.0,NaN,NaN,NaN
5.75,0.0,NaN,NaN,NaN,0.0,NaN,NaN,0.0,NaN,NaN,NaN
5.76,0.0,NaN,NaN,NaN,0.0,NaN,NaN,0.0,NaN,NaN,NaN
5.7700000000000005,0.0,NaN,NaN,NaN,0.0,NaN,NaN,0.0,NaN,NaN,NaN
5.78,0.0,NaN,NaN,NaN,0.0,NaN,NaN,0.0,NaN,NaN,NaN
5.79,0.0,NaN,NaN,NaN,0.0,NaN,NaN,0.0,NaN,NaN,NaN
5.8,0.0,NaN,NaN,NaN,0.0,NaN,NaN,0.0,NaN,NaN,NaN
5.8100000000000005,0.0,NaN,NaN,NaN,0.0,NaN,NaN,0.0,NaN,NaN,NaN
5.82,0.0,NaN,NaN,NaN,0.0,NaN,NaN,0.0,NaN,NaN,NaN
5.83,0.0,NaN,NaN,NaN,0.0,NaN,NaN,0.0,NaN,NaN,NaN
5.84,0.0,NaN,NaN,NaN,0.0,NaN,NaN,0.0,NaN,NaN,NaN
5.8500000000000005,0.0,NaN,NaN,NaN,0.0,NaN,NaN,0.0,NaN,NaN,NaN
5.86,0.0,NaN,NaN,NaN,0.0,NaN,NaN,0.0,NaN,NaN,NaN
5.87,0.0,NaN,NaN,NaN,0.0,NaN,NaN,0.0,NaN,NaN,NaN
5.88,166.66666666666666,NaN,NaN,NaN,0.0,NaN,NaN,0.0,NaN,NaN,NaN
5.89,0.0,NaN,NaN,NaN,0.0,NaN,NaN,0.0,NaN,NaN,NaN
5.9,0.0,NaN,NaN,NaN,0.0,NaN,NaN,0.0,NaN,NaN,NaN
5.91,0.0,NaN,NaN,NaN,0.0,NaN,NaN,0.0,NaN,NaN,NaN
5.92,0.0,NaN,NaN,NaN,0.0,NaN,NaN,0.0,NaN,NaN,NaN
5.93,0.0,NaN,NaN,NaN,0.0,NaN,NaN,0.0,NaN,NaN,NaN
5.94,0.0,NaN,NaN,NaN,0.0,NaN,NaN,0.0,NaN,NaN,NaN
5.95,0.0,NaN,NaN,NaN,0.0,NaN,NaN,0.0,NaN,NaN,NaN
5.96,0.0,NaN,NaN,NaN,0.0,NaN,NaN,0.0,NaN,NaN,NaN
5.97,0.0,NaN,NaN,NaN,0.0,NaN,NaN,0.0,NaN,NaN,NaN
5.98,0.0,NaN,NaN,NaN,0.0,NaN,NaN,0.0,NaN,NaN,NaN
5.99,0.0,NaN,NaN,NaN,0.0,NaN,NaN,0.0,NaN,NaN,NaN
6.0,0.0,NaN,NaN,NaN,0.0,NaN,NaN,0.0,NaN,NaN,NaN
6.01,0.0,NaN,NaN,NaN,0.0,NaN,NaN,0.0,NaN,NaN,NaN
6.0200000000000005,0.0,NaN,NaN,NaN,0.0,NaN,NaN,0.0,NaN,NaN,NaN
6.03,0.0,NaN,NaN,NaN,0.0,NaN,NaN,0.0,NaN,NaN,NaN
6.04,0.0,NaN,NaN,NaN,0.0,NaN,NaN,0.0,NaN,NaN,NaN
6.05,0.0,NaN,NaN,NaN,0.0,NaN,NaN,0.0,NaN,NaN,NaN
6.0600000000000005,0.0,NaN,NaN,NaN,0.0,NaN,NaN,0.0,NaN,NaN,NaN
6.07,0.0,NaN,NaN,NaN,0.0,NaN,NaN,0.0,NaN,NaN,NaN
6.08,0.0,NaN,NaN,NaN,0.0,NaN,NaN,0.0,NaN,NaN,NaN
6.09,0.0,NaN,NaN,NaN,0.0,NaN,NaN,0.0,NaN,NaN,NaN
6.1000000000000005,0.0,NaN,NaN,NaN,0.0,NaN,NaN,0.0,NaN,NaN,NaN
6.11,0.0,NaN,NaN,NaN,0.0,NaN,NaN,0.0,NaN,NaN,NaN
6.12,0.0,NaN,NaN,NaN,0.0,NaN,NaN,0.0,NaN,NaN,NaN
6.13,0.0,NaN,NaN,NaN,0.0,NaN,NaN,0.0,NaN,NaN,NaN
6.140000000000001,0.0,NaN,NaN,NaN,0.0,NaN,NaN,0.0,NaN,NaN,NaN
6.15,0.0,NaN,NaN,NaN,0.0,NaN,NaN,0.0,NaN,NaN,NaN
6.16,0.0,NaN,NaN,NaN,0.0,NaN,NaN,0.0,NaN,NaN,NaN
6.17,0.0,NaN,NaN,NaN,0.0,NaN,NaN,0.0,NaN,NaN,NaN
6.18,0.0,NaN,NaN,NaN,0.0,NaN,NaN,0.0,NaN,NaN,NaN
6.19,0.0,NaN,NaN,NaN,0.0,NaN,NaN,0.0,NaN,NaN,NaN
6.2,0.0,NaN,NaN,NaN,0.0,NaN,NaN,0.0,NaN,NaN,NaN
6.21,0.0,NaN,NaN,NaN,0.0,NaN,NaN,0.0,NaN,NaN,NaN
6.22,0.0,NaN,NaN,NaN,0.0,NaN,NaN,0.0,NaN,NaN,NaN
6.23,0.0,NaN,NaN,NaN,0.0,NaN,NaN,0.0,NaN,NaN,NaN
6.24,0.0,NaN,NaN,NaN,0.0,NaN,NaN,0.0,NaN,NaN,NaN
6.25,0.0,NaN,NaN,NaN,0.0,NaN,NaN,0.0,NaN,NaN,NaN
6.26,0.0,NaN,NaN,NaN,0.0,NaN,NaN,0.0,NaN,NaN,NaN
6.2700000000000005,0.0,NaN,NaN,NaN,0.0,NaN,NaN,0.0,NaN,NaN,NaN
6.28,0.0,NaN,NaN,NaN,0.0,NaN,NaN,0.0,NaN,NaN,NaN
6.29,0.0,NaN,NaN,NaN,0.0,NaN,NaN,0.0,NaN,NaN,NaN
6.3,0.0,NaN,NaN,NaN,0.0,NaN,NaN,0.0,NaN,NaN,NaN
6.3100000000000005,0.0,NaN,NaN,NaN,0.0,NaN,NaN,0.0,NaN,NaN,NaN
6.32,0.0,NaN,NaN,NaN,0.0,NaN,NaN,0.0,NaN,NaN,NaN
6.33,0.0,NaN,NaN,NaN,0.0,NaN,NaN,0.0,NaN,NaN,NaN
6.34,0.0,NaN,NaN,NaN,1000.0,NaN,NaN,0.0,NaN,NaN,NaN
6.3500000000000005,0.0,NaN,NaN,NaN,0.0,NaN,NaN,0.0,NaN,NaN,NaN
6.36,0.0,NaN,NaN,NaN,0.0,NaN,NaN,0.0,NaN,NaN,NaN
6.37,0.0,NaN,NaN,NaN,0.0,NaN,NaN,0.0,NaN,NaN,NaN
6.38,0.0,NaN,NaN,NaN,0.0,NaN,NaN,0.0,NaN,NaN,NaN
6.390000000000001,0.0,NaN,NaN,NaN,0.0,NaN,NaN,0.0,NaN,NaN,NaN
6.4,0.0,NaN,NaN,NaN,0.0,NaN,NaN,0.0,NaN,NaN,NaN
6.41,0.0,NaN,NaN,NaN,0.0,NaN,NaN,0.0,NaN,NaN,NaN
6.42,0.0,NaN,NaN,NaN,0.0,NaN,NaN,0.0,NaN,NaN,NaN
6.43,0.0,NaN,NaN,NaN,0.0,NaN,NaN,0.0,NaN,NaN,NaN
6.44,0.0,NaN,NaN,NaN,0.0,NaN,NaN,0.0,NaN,NaN,NaN
6.45,0.0,NaN,NaN,NaN,0.0,NaN,NaN,0.0,NaN,NaN,NaN
6.46,0.0,NaN,NaN,NaN,0.0,NaN,NaN,0.0,NaN,NaN,NaN
6.47,0.0,NaN,NaN,NaN,0.0,NaN,NaN,0.0,NaN,NaN,NaN
6.48,0.0,NaN,NaN,NaN,0.0,NaN,NaN,0.0,NaN,NaN,NaN
6.49,0.0,NaN,NaN,NaN,0.0,NaN,NaN,0.0,NaN,NaN,NaN
6.5,0.0,NaN,NaN,NaN,0.0,NaN,NaN,0.0,NaN,NaN,NaN
6.51,0.0,NaN,NaN,NaN,0.0,NaN,NaN,0.0,NaN,NaN,NaN
6.5200000000000005,0.0,NaN,NaN,NaN,0.0,NaN,NaN,0.0,NaN,NaN,NaN
6.53,0.0,NaN,NaN,NaN,0.0,NaN,NaN,0.0,NaN,NaN,NaN
6.54,0.0,NaN,NaN,NaN,0.0,NaN,NaN,0.0,NaN,NaN,NaN
6.55,0.0,NaN,NaN,NaN,0.0,NaN,NaN,0.0,NaN,NaN,NaN
6.5600000000000005,0.0,NaN,NaN,NaN,0.0,NaN,NaN,0.0,NaN,NaN,NaN
6.57,0.0,NaN,NaN,NaN,0.0,NaN,NaN,0.0,NaN,NaN,NaN
6.58,0.0,NaN,NaN,NaN,0.0,NaN,NaN,0.0,NaN,NaN,NaN
6.59,0.0,NaN,NaN,NaN,0.0,NaN,NaN,0.0,NaN,NaN,NaN
6.6000000000000005,0.0,NaN,NaN,NaN,0.0,NaN,NaN,0.0,NaN,NaN,NaN
6.61,0.0,NaN,NaN,NaN,0.0,NaN,NaN,0.0,NaN,NaN,NaN
6.62,0.0,NaN,NaN,NaN,0.0,NaN,NaN,0.0,NaN,NaN,NaN
6.63,0.0,NaN,NaN,NaN,0.0,NaN,NaN,0.0,NaN,NaN,NaN
6.640000000000001,0.0,NaN,NaN,NaN,0.0,NaN,NaN,0.0,NaN,NaN,NaN
6.65,0.0,NaN,NaN,NaN,0.0,NaN,NaN,0.0,NaN,NaN,NaN
6.66,0.0,NaN,NaN,NaN,0.0,NaN,NaN,0.0,NaN,NaN,NaN
6.67,0.0,NaN,NaN,NaN,0.0,NaN,NaN,0.0,NaN,NaN,NaN
6.68,0.0,NaN,NaN,NaN,0.0,NaN,NaN,0.0,NaN,NaN,NaN
6.69,0.0,NaN,NaN,NaN,0.0,NaN,NaN,0.0,NaN,NaN,NaN
6.7,0.0,NaN,NaN,NaN,0.0,NaN,NaN,0.0,NaN,NaN,NaN
6.71,0.0,NaN,NaN,NaN,0.0,NaN,NaN,0.0,NaN,NaN,NaN
6.72,0.0,NaN,NaN,NaN,0.0,NaN,NaN,0.0,NaN,NaN,NaN
6.73,0.0,NaN,NaN,NaN,0.0,NaN,NaN,0.0,NaN,NaN,NaN
6.74,0.0,NaN,NaN,NaN,0.0,NaN,NaN,0.0,NaN,NaN,NaN
6.75,0.0,NaN,NaN,NaN,0.0,NaN,NaN,0.0,NaN,NaN,NaN
6.76,0.0,NaN,NaN,NaN,0.0,NaN,NaN,0.0,NaN,NaN,NaN
6.7700000000000005,0.0,NaN,NaN,NaN,0.0,NaN,NaN,0.0,NaN,NaN,NaN
6.78,0.0,NaN,NaN,NaN,0.0,NaN,NaN,0.0,NaN,NaN,NaN
6.79,0.0,NaN,NaN,NaN,0.0,NaN,NaN,0.0,NaN,NaN,NaN
6.8,0.0,NaN,NaN,NaN,0.0,NaN,NaN,0.0,NaN,NaN,NaN
6.8100000000000005,0.0,NaN,NaN,NaN,0.0,NaN,NaN,0.0,NaN,NaN,NaN
6.82,0.0,NaN,NaN,NaN,0.0,NaN,NaN,0.0,NaN,NaN,NaN
6.83,0.0,NaN,NaN,NaN,0.0,NaN,NaN,0.0,NaN,NaN,NaN
6.84,0.0,NaN,NaN,NaN,0.0,NaN,NaN,0.0,NaN,NaN,NaN
6.8500000000000005,0.0,NaN,NaN,NaN,0.0,NaN,NaN,0.0,NaN,NaN,NaN
6.86,0.0,NaN,NaN,NaN,0.0,NaN,NaN,0.0,NaN,NaN,NaN
6.87,0.0,NaN,NaN,NaN,0.0,NaN,NaN,0.0,NaN,NaN,NaN
6.88,0.0,NaN,NaN,NaN,0.0,NaN,NaN,0.0,NaN,NaN,NaN
6.890000000000001,0.0,NaN,NaN,NaN,0.0,NaN,NaN,0.0,NaN,NaN,NaN
6.9,0.0,NaN,NaN,NaN,0.0,NaN,NaN,0.0,NaN,NaN,NaN
6.91,0.0,NaN,NaN,NaN,0.0,NaN,NaN,0.0,NaN,NaN,NaN
6.92,0.0,NaN,NaN,NaN,0.0,NaN,NaN,0.0,NaN,NaN,NaN
6.93,0.0,NaN,NaN,NaN,0.0,NaN,NaN,0.0,NaN,NaN,NaN
6.94,0.0,NaN,NaN,NaN,0.0,NaN,NaN,0.0,NaN,NaN,NaN
6.95,0.0,NaN,NaN,NaN,0.0,NaN,NaN,0.0,NaN,NaN,NaN
6.96,0.0,NaN,NaN,NaN,0.0,NaN,NaN,0.0,NaN,NaN,NaN
6.97,0.0,NaN,NaN,NaN,0.0,NaN,NaN,0.0,NaN,NaN,NaN
6.98,0.0,NaN,NaN,NaN,0.0,NaN,NaN,0.0,NaN,NaN,NaN
6.99,0.0,NaN,NaN,NaN,0.0,NaN,NaN,0.0,NaN,NaN,NaN
7.0,0.0,NaN,NaN,NaN,0.0,NaN,NaN,0.0,NaN,NaN,NaN
7.01,0.0,NaN,NaN,NaN,0.0,NaN,NaN,0.0,NaN,NaN,NaN
7.0200000000000005,0.0,NaN,NaN,NaN,0.0,NaN,NaN,0.0,NaN,NaN,NaN
7.03,0.0,NaN,NaN,NaN,0.0,NaN,NaN,0.0,NaN,NaN,NaN
7.04,0.0,NaN,NaN,NaN,0.0,NaN,NaN,0.0,NaN,NaN,NaN
7.05,0.0,NaN,NaN,NaN,0.0,NaN,NaN,0.0,NaN,NaN,NaN
7.0600000000000005,0.0,NaN,NaN,NaN,0.0,NaN,NaN,0.0,NaN,NaN,NaN
7.07,0.0,NaN,NaN,NaN,0.0,NaN,NaN,0.0,NaN,NaN,NaN
7.08,0.0,NaN,NaN,NaN,0.0,NaN,NaN,0.0,NaN,NaN,NaN
7.09,0.0,NaN,NaN,NaN,0.0,NaN,NaN,0.0,NaN,NaN,NaN
7.1000000000000005,0.0,NaN,NaN,NaN,0.0,NaN,NaN,0.0,NaN,NaN,NaN
7.11,0.0,NaN,NaN,NaN,0.0,NaN,NaN,0.0,NaN,NaN,NaN
7.12,0.0,NaN,NaN,NaN,0.0,NaN,NaN,0.0,NaN,NaN,NaN
7.13,0.0,NaN,NaN,NaN,0.0,NaN,NaN,0.0,NaN,NaN,NaN
7.140000000000001,0.0,NaN,NaN,NaN,0.0,NaN,NaN,0.0,NaN,NaN,NaN
7.15,0.0,NaN,NaN,NaN,0.0,NaN,NaN,0.0,NaN,NaN,NaN
7.16,0.0,NaN,NaN,NaN,0.0,NaN,NaN,0.0,NaN,NaN,NaN
7.17,0.0,NaN,NaN,NaN,0.0,NaN,NaN,0.0,NaN,NaN,NaN
7.18,0.0,NaN,NaN,NaN,0.0,NaN,NaN,0.0,NaN,NaN,NaN
7.19,0.0,NaN,NaN,NaN,0.0,NaN,NaN,0.0,NaN,NaN,NaN
7.2,0.0,NaN,NaN,NaN,0.0,NaN,NaN,0.0,NaN,NaN,NaN
7.21,0.0,NaN,NaN,NaN,0.0,NaN,NaN,0.0,NaN,NaN,NaN
7.22,0.0,NaN,NaN,NaN,0.0,NaN,NaN,0.0,NaN,NaN,NaN
7.23,0.0,NaN,NaN,NaN,0.0,NaN,NaN,0.0,NaN,NaN,NaN
7.24,0.0,NaN,NaN,NaN,0.0,NaN,NaN,0.0,NaN,NaN,NaN
7.25,0.0,NaN,NaN,NaN,0.0,NaN,NaN,0.0,NaN,NaN,NaN
7.26,0.0,NaN,NaN,NaN,0.0,NaN,NaN,0.0,NaN,NaN,NaN
7.2700000000000005,0.0,NaN,NaN,NaN,0.0,NaN,NaN,0.0,NaN,NaN,NaN
7.28,0.0,NaN,NaN,NaN,0.0,NaN,NaN,0.0,NaN,NaN,NaN
7.29,0.0,NaN,NaN,NaN,0.0,NaN,NaN,0.0,NaN,NaN,NaN
7.3,0.0,NaN,NaN,NaN,0.0,NaN,NaN,0.0,NaN,NaN,NaN
7.3100000000000005,0.0,NaN,NaN,NaN,0.0,NaN,NaN,0.0,NaN,NaN,NaN
7.32,0.0,NaN,NaN,NaN,0.0,NaN,NaN,0.0,NaN,NaN,NaN
7.33,0.0,NaN,NaN,NaN,0.0,NaN,NaN,0.0,NaN,NaN,NaN
7.34,0.0,NaN,NaN,NaN,0.0,NaN,NaN,0.0,NaN,NaN,NaN
7.3500000000000005,0.0,NaN,NaN,NaN,0.0,NaN,NaN,0.0,NaN,NaN,NaN
7.36,0.0,NaN,NaN,NaN,0.0,NaN,NaN,0.0,NaN,NaN,NaN
7.37,0.0,NaN,NaN,NaN,0.0,NaN,NaN,0.0,NaN,NaN,NaN
7.38,0.0,NaN,NaN,NaN,0.0,NaN,NaN,0.0,NaN,NaN,NaN
7.390000000000001,0.0,NaN,NaN,NaN,0.0,NaN,NaN,0.0,NaN,NaN,NaN
7.4,0.0,NaN,NaN,NaN,0.0,NaN,NaN,0.0,NaN,NaN,NaN
7.41,0.0,NaN,NaN,NaN,0.0,NaN,NaN,0.0,NaN,NaN,NaN
7.42,0.0,NaN,NaN,NaN,0.0,NaN,NaN,0.0,NaN,NaN,NaN
7.43,0.0,NaN,NaN,NaN,0.0,NaN,NaN,0.0,NaN,NaN,NaN
7.44,0.0,NaN,NaN,NaN,0.0,NaN,NaN,0.0,NaN,NaN,NaN
7.45,0.0,NaN,NaN,NaN,0.0,NaN,NaN,0.0,0.0,NaN,NaN
7.46,0.0,NaN,NaN,NaN,0.0,NaN,NaN,0.0,0.0,NaN,NaN
7.47,0.0,NaN,NaN,NaN,0.0,NaN,NaN,0.0,0.0,NaN,NaN
7.48,0.0,NaN,NaN,NaN,0.0,NaN,NaN,0.0,0.0,NaN,NaN
7.49,0.0,NaN,NaN,NaN,0.0,NaN,NaN,0.0,0.0,NaN,NaN
7.5,0.0,NaN,NaN,NaN,0.0,NaN,NaN,0.0,0.0,NaN,NaN
7.51,0.0,NaN,NaN,NaN,0.0,NaN,NaN,0.0,0.0,NaN,NaN
7.5200000000000005,0.0,NaN,NaN,NaN,0.0,NaN,NaN,0.0,0.0,NaN,NaN
7.53,0.0,NaN,NaN,NaN,0.0,NaN,NaN,0.0,0.0,NaN,NaN
7.54,0.0,NaN,NaN,NaN,0.0,NaN,NaN,0.0,0.0,NaN,NaN
7.55,0.0,NaN,NaN,NaN,0.0,NaN,NaN,0.0,0.0,NaN,NaN
7.5600000000000005,0.0,NaN,NaN,NaN,0.0,NaN,NaN,0.0,0.0,NaN,NaN
7.57,0.0,NaN,NaN,NaN,0.0,NaN,NaN,0.0,0.0,NaN,NaN
7.58,250.0,NaN,NaN,NaN,0.0,NaN,NaN,0.0,0.0,NaN,NaN
7.59,0.0,NaN,NaN,NaN,0.0,NaN,NaN,0.0,0.0,NaN,NaN
7.6000000000000005,0.0,NaN,NaN,NaN,0.0,NaN,NaN,0.0,0.0,NaN,NaN
7.61,0.0,NaN,NaN,NaN,0.0,NaN,NaN,0.0,0.0,NaN,NaN
7.62,0.0,NaN,NaN,NaN,0.0,NaN,NaN,0.0,0.0,NaN,NaN
7.63,0.0,NaN,NaN,NaN,0.0,NaN,NaN,0.0,0.0,NaN,NaN
7.640000000000001,0.0,NaN,NaN,NaN,0.0,NaN,NaN,0.0,0.0,NaN,NaN
7.65,0.0,NaN,NaN,NaN,0.0,NaN,NaN,0.0,0.0,NaN,NaN
7.66,0.0,NaN,NaN,NaN,0.0,NaN,NaN,0.0,0.0,NaN,NaN
7.67,0.0,NaN,NaN,NaN,0.0,NaN,NaN,0.0,0.0,NaN,NaN
7.68,0.0,NaN,NaN,NaN,0.0,NaN,NaN,0.0,0.0,NaN,NaN
7.69,0.0,NaN,NaN,NaN,0.0,NaN,NaN,0.0,0.0,NaN,NaN
7.7,0.0,NaN,NaN,NaN,0.0,NaN,NaN,0.0,0.0,NaN,NaN
7.71,0.0,NaN,NaN,NaN,0.0,NaN,NaN,0.0,0.0,NaN,NaN
7.72,0.0,NaN,NaN,NaN,0.0,NaN,NaN,0.0,0.0,NaN,NaN
7.73,0.0,NaN,NaN,NaN,0.0,NaN,NaN,0.0,0.0,NaN,NaN
7.74,0.0,NaN,NaN,NaN,0.0,NaN,NaN,0.0,0.0,NaN,NaN
7.75,0.0,NaN,NaN,NaN,0.0,NaN,NaN,0.0,0.0,NaN,NaN
7.76,0.0,NaN,NaN,NaN,0.0,NaN,NaN,0.0,0.0,NaN,NaN
7.7700000000000005,0.0,NaN,NaN,NaN,0.0,NaN,NaN,0.0,0.0,NaN,NaN
7.78,0.0,NaN,NaN,NaN,0.0,NaN,NaN,0.0,0.0,NaN,NaN
7.79,0.0,NaN,NaN,NaN,0.0,NaN,NaN,0.0,0.0,NaN,NaN
7.8,0.0,NaN,NaN,NaN,0.0,NaN,NaN,0.0,0.0,NaN,NaN
7.8100000000000005,0.0,NaN,NaN,NaN,0.0,NaN,NaN,0.0,0.0,NaN,NaN
7.82,0.0,NaN,NaN,NaN,0.0,NaN,NaN,0.0,0.0,NaN,NaN
7.83,0.0,NaN,NaN,NaN,0.0,NaN,NaN,0.0,0.0,NaN,NaN
7.84,0.0,NaN,NaN,NaN,0.0,NaN,NaN,0.0,0.0,NaN,NaN
7.8500000000000005,0.0,NaN,NaN,NaN,0.0,NaN,NaN,0.0,0.0,NaN,NaN
7.86,0.0,NaN,NaN,NaN,0.0,NaN,NaN,0.0,0.0,NaN,NaN
7.87,0.0,NaN,NaN,NaN,0.0,NaN,NaN,0.0,0.0,NaN,NaN
7.88,0.0,NaN,NaN,NaN,0.0,NaN,NaN,0.0,0.0,NaN,NaN
7.890000000000001,0.0,NaN,NaN,NaN,0.0,NaN,NaN,0.0,0.0,NaN,NaN
7.9,0.0,NaN,NaN,NaN,0.0,NaN,NaN,0.0,0.0,NaN,NaN
7.91,0.0,NaN,NaN,NaN,0.0,NaN,NaN,0.0,0.0,NaN,NaN
7.92,0.0,NaN,NaN,NaN,0.0,NaN,NaN,0.0,0.0,NaN,NaN
7.930000000000001,0.0,NaN,NaN,NaN,0.0,NaN,NaN,0.0,0.0,NaN,NaN
7.94,0.0,NaN,NaN,NaN,0.0,NaN,NaN,0.0,0.0,NaN,NaN
7.95,0.0,NaN,NaN,NaN,0.0,NaN,NaN,0.0,0.0,NaN,NaN
7.96,0.0,NaN,NaN,NaN,0.0,NaN,NaN,0.0,0.0,NaN,NaN
7.97,0.0,NaN,NaN,NaN,0.0,NaN,NaN,0.0,0.0,NaN,NaN
7.98,0.0,NaN,NaN,NaN,0.0,NaN,NaN,0.0,0.0,NaN,NaN
7.99,0.0,NaN,NaN,NaN,0.0,NaN,NaN,0.0,0.0,NaN,NaN
8.0,0.0,NaN,NaN,NaN,0.0,NaN,NaN,0.0,0.0,NaN,NaN
8.01,0.0,NaN,NaN,NaN,0.0,NaN,NaN,0.0,0.0,NaN,NaN
8.02,0.0,NaN,NaN,NaN,0.0,NaN,NaN,0.0,0.0,NaN,NaN
8.03,0.0,NaN,NaN,NaN,0.0,NaN,NaN,0.0,0.0,NaN,NaN
8.040000000000001,0.0,NaN,NaN,NaN,0.0,NaN,NaN,0.0,0.0,NaN,NaN
8.05,0.0,NaN,NaN,NaN,0.0,NaN,NaN,0.0,0.0,NaN,NaN
8.06,0.0,NaN,NaN,NaN,0.0,NaN,NaN,0.0,0.0,NaN,NaN
8.07,0.0,NaN,NaN,NaN,0.0,NaN,NaN,0.0,0.0,NaN,NaN
8.08,0.0,NaN,NaN,NaN,0.0,NaN,NaN,0.0,0.0,NaN,NaN
8.09,0.0,NaN,NaN,NaN,0.0,NaN,NaN,0.0,0.0,NaN,NaN
8.1,0.0,NaN,NaN,NaN,0.0,NaN,NaN,0.0,0.0,NaN,NaN
8.11,0.0,NaN,NaN,NaN,0.0,NaN,NaN,0.0,0.0,NaN,NaN
8.120000000000001,0.0,NaN,NaN,NaN,0.0,NaN,NaN,0.0,0.0,NaN,NaN
8.13,0.0,NaN,NaN,NaN,0.0,NaN,NaN,0.0,0.0,NaN,NaN
8.14,0.0,NaN,NaN,NaN,0.0,NaN,NaN,0.0,0.0,NaN,NaN
8.15,0.0,NaN,NaN,NaN,0.0,NaN,NaN,0.0,0.0,NaN,NaN
8.16,0.0,NaN,NaN,NaN,0.0,NaN,NaN,0.0,0.0,NaN,NaN
8.17,0.0,NaN,NaN,NaN,0.0,NaN,NaN,0.0,0.0,NaN,NaN
8.18,0.0,NaN,NaN,NaN,0.0,NaN,NaN,0.0,0.0,NaN,NaN
8.19,0.0,NaN,NaN,NaN,0.0,NaN,NaN,0.0,0.0,NaN,NaN
8.2,0.0,NaN,NaN,NaN,0.0,NaN,NaN,0.0,0.0,NaN,NaN
8.21,0.0,NaN,NaN,NaN,0.0,NaN,NaN,0.0,0.0,NaN,NaN
8.22,0.0,NaN,NaN,NaN,0.0,NaN,NaN,0.0,0.0,NaN,NaN
8.23,0.0,NaN,NaN,NaN,0.0,NaN,NaN,0.0,0.0,NaN,NaN
8.24,0.0,NaN,NaN,NaN,0.0,NaN,NaN,0.0,0.0,NaN,NaN
8.25,0.0,NaN,NaN,NaN,0.0,NaN,NaN,0.0,0.0,NaN,NaN
8.26,0.0,NaN,NaN,NaN,0.0,NaN,NaN,0.0,0.0,NaN,NaN
8.27,0.0,NaN,NaN,NaN,0.0,NaN,NaN,0.0,0.0,NaN,NaN
8.28,0.0,NaN,NaN,NaN,0.0,NaN,NaN,0.0,0.0,NaN,NaN
8.290000000000001,0.0,NaN,NaN,NaN,0.0,NaN,NaN,0.0,0.0,NaN,NaN
8.3,0.0,NaN,NaN,NaN,0.0,NaN,NaN,0.0,0.0,NaN,NaN
8.31,0.0,NaN,NaN,NaN,0.0,NaN,NaN,0.0,0.0,NaN,NaN
8.32,250.0,NaN,NaN,NaN,0.0,NaN,NaN,0.0,0.0,NaN,NaN
8.33,0.0,NaN,NaN,NaN,0.0,NaN,NaN,0.0,0.0,NaN,NaN
8.34,0.0,NaN,NaN,NaN,0.0,NaN,NaN,0.0,0.0,NaN,NaN
8.35,0.0,NaN,NaN,NaN,0.0,NaN,NaN,0.0,0.0,NaN,NaN
8.36,0.0,NaN,NaN,NaN,0.0,NaN,NaN,0.0,0.0,NaN,NaN
8.370000000000001,0.0,NaN,NaN,NaN,0.0,NaN,NaN,0.0,0.0,NaN,NaN
8.38,0.0,NaN,NaN,NaN,0.0,NaN,NaN,0.0,0.0,NaN,NaN
8.39,0.0,NaN,NaN,NaN,0.0,NaN,NaN,0.0,0.0,NaN,NaN
8.4,0.0,NaN,NaN,NaN,0.0,NaN,NaN,0.0,0.0,NaN,NaN
8.41,0.0,NaN,NaN,NaN,0.0,NaN,NaN,0.0,0.0,NaN,NaN
8.42,0.0,NaN,NaN,NaN,0.0,NaN,NaN,0.0,0.0,NaN,NaN
8.43,0.0,NaN,NaN,NaN,0.0,NaN,NaN,0.0,0.0,NaN,NaN
8.44,0.0,NaN,NaN,NaN,0.0,NaN,NaN,0.0,0.0,NaN,NaN
8.45,0.0,NaN,NaN,NaN,0.0,NaN,NaN,0.0,0.0,NaN,NaN
8.46,0.0,NaN,NaN,NaN,0.0,NaN,NaN,0.0,0.0,NaN,NaN
8.47,0.0,NaN,NaN,NaN,0.0,NaN,NaN,0.0,0.0,NaN,NaN
8.48,0.0,NaN,NaN,NaN,0.0,NaN,NaN,0.0,0.0,NaN,NaN
8.49,0.0,NaN,NaN,NaN,0.0,NaN,NaN,0.0,0.0,NaN,NaN
8.5,0.0,NaN,NaN,NaN,0.0,NaN,NaN,0.0,0.0,NaN,NaN
8.51,0.0,NaN,NaN,NaN,0.0,NaN,NaN,0.0,0.0,NaN,NaN
8.52,0.0,NaN,NaN,NaN,0.0,NaN,NaN,0.0,0.0,NaN,NaN
8.53,0.0,NaN,NaN,NaN,0.0,NaN,NaN,0.0,0.0,NaN,NaN
8.540000000000001,0.0,NaN,NaN,NaN,0.0,NaN,NaN,0.0,0.0,NaN,NaN
8.55,0.0,NaN,NaN,NaN,0.0,NaN,NaN,0.0,0.0,NaN,NaN
8.56,0.0,NaN,NaN,NaN,0.0,NaN,NaN,0.0,0.0,NaN,NaN
8.57,0.0,NaN,NaN,NaN,0.0,NaN,NaN,0.0,0.0,NaN,NaN
8.58,0.0,NaN,NaN,NaN,0.0,NaN,NaN,0.0,0.0,NaN,NaN
8.59,0.0,NaN,NaN,NaN,0.0,NaN,NaN,0.0,0.0,NaN,NaN
8.6,0.0,NaN,NaN,NaN,0.0,NaN,NaN,0.0,0.0,NaN,NaN
8.61,0.0,NaN,NaN,NaN,0.0,NaN,NaN,0.0,0.0,NaN,NaN
8.620000000000001,0.0,NaN,NaN,NaN,0.0,NaN,NaN,0.0,0.0,NaN,NaN
8.63,0.0,NaN,NaN,NaN,0.0,NaN,NaN,0.0,0.0,NaN,NaN
8.64,0.0,NaN,NaN,NaN,0.0,NaN,NaN,0.0,0.0,NaN,NaN
8.65,0.0,NaN,NaN,NaN,0.0,NaN,NaN,0.0,0.0,NaN,NaN
8.66,0.0,NaN,NaN,NaN,0.0,NaN,NaN,0.0,0.0,NaN,NaN
8.67,0.0,NaN,NaN,NaN,0.0,NaN,NaN,0.0,0.0,NaN,NaN
8.68,0.0,NaN,NaN,NaN,0.0,NaN,NaN,0.0,0.0,NaN,NaN
8.69,0.0,NaN,NaN,NaN,0.0,NaN,NaN,0.0,0.0,NaN,NaN
8.700000000000001,0.0,NaN,NaN,NaN,0.0,NaN,NaN,0.0,0.0,NaN,NaN
8.71,0.0,NaN,NaN,NaN,0.0,NaN,NaN,0.0,0.0,NaN,NaN
8.72,0.0,NaN,NaN,NaN,0.0,NaN,NaN,0.0,0.0,NaN,NaN
8.73,0.0,NaN,NaN,NaN,0.0,NaN,NaN,0.0,0.0,NaN,NaN
8.74,0.0,NaN,NaN,NaN,0.0,NaN,NaN,0.0,0.0,NaN,NaN
8.75,0.0,NaN,NaN,NaN,0.0,NaN,NaN,0.0,0.0,NaN,NaN
8.76,0.0,NaN,NaN,NaN,0.0,NaN,NaN,0.0,0.0,NaN,NaN
8.77,0.0,NaN,NaN,NaN,0.0,NaN,NaN,0.0,0.0,NaN,NaN
8.78,0.0,NaN,NaN,NaN,0.0,NaN,NaN,0.0,0.0,NaN,NaN
8.790000000000001,0.0,NaN,NaN,NaN,0.0,NaN,NaN,0.0,0.0,NaN,NaN
8.8,0.0,NaN,NaN,NaN,0.0,NaN,NaN,0.0,0.0,NaN,NaN
8.81,0.0,NaN,NaN,NaN,0.0,NaN,NaN,0.0,0.0,NaN,NaN
8.82,0.0,NaN,NaN,NaN,0.0,NaN,NaN,0.0,0.0,NaN,NaN
8.83,0.0,NaN,NaN,NaN,0.0,NaN,NaN,0.0,0.0,NaN,NaN
8.84,0.0,NaN,NaN,NaN,0.0,NaN,NaN,0.0,0.0,NaN,NaN
8.85,0.0,NaN,NaN,NaN,0.0,NaN,NaN,0.0,0.0,NaN,NaN
8.86,0.0,NaN,NaN,NaN,0.0,NaN,NaN,0.0,0.0,NaN,NaN
8.870000000000001,0.0,NaN,NaN,NaN,0.0,NaN,NaN,0.0,0.0,NaN,NaN
8.88,0.0,NaN,NaN,NaN,0.0,NaN,NaN,0.0,0.0,NaN,NaN
8.89,0.0,NaN,NaN,NaN,0.0,NaN,NaN,0.0,0.0,NaN,NaN
8.9,0.0,NaN,NaN,NaN,0.0,NaN,NaN,0.0,0.0,NaN,NaN
8.91,0.0,NaN,NaN,NaN,0.0,NaN,NaN,0.0,0.0,NaN,NaN
8.92,0.0,NaN,NaN,NaN,0.0,NaN,NaN,0.0,0.0,NaN,NaN
8.93,0.0,NaN,NaN,NaN,0.0,NaN,NaN,0.0,0.0,NaN,NaN
8.94,0.0,NaN,NaN,NaN,0.0,NaN,NaN,0.0,0.0,NaN,NaN
8.950000000000001,0.0,NaN,NaN,NaN,0.0,NaN,NaN,0.0,0.0,NaN,NaN
8.96,0.0,NaN,NaN,NaN,0.0,NaN,NaN,0.0,0.0,NaN,NaN
8.97,0.0,NaN,NaN,NaN,0.0,NaN,NaN,0.0,0.0,NaN,NaN
8.98,0.0,NaN,NaN,NaN,0.0,NaN,NaN,0.0,0.0,NaN,NaN
8.99,0.0,NaN,NaN,NaN,0.0,NaN,NaN,0.0,0.0,NaN,NaN
9.0,0.0,NaN,NaN,NaN,0.0,NaN,NaN,0.0,0.0,NaN,NaN
9.01,0.0,NaN,NaN,NaN,0.0,NaN,NaN,0.0,0.0,NaN,NaN
9.02,0.0,NaN,NaN,NaN,0.0,NaN,NaN,0.0,0.0,NaN,NaN
9.03,0.0,NaN,NaN,NaN,0.0,NaN,NaN,0.0,0.0,NaN,NaN
9.040000000000001,0.0,NaN,NaN,NaN,0.0,NaN,NaN,0.0,0.0,NaN,NaN
9.05,0.0,NaN,NaN,NaN,0.0,NaN,NaN,0.0,0.0,NaN,NaN
9.06,0.0,NaN,NaN,NaN,0.0,NaN,NaN,0.0,0.0,NaN,NaN
9.07,0.0,NaN,NaN,NaN,0.0,NaN,NaN,0.0,0.0,NaN,NaN
9.08,0.0,NaN,NaN,NaN,0.0,NaN,NaN,0.0,0.0,NaN,NaN
9.09,0.0,NaN,NaN,NaN,0.0,NaN,NaN,0.0,0.0,NaN,NaN
9.1,0.0,NaN,NaN,NaN,0.0,NaN,NaN,0.0,0.0,NaN,NaN
9.11,0.0,NaN,NaN,NaN,0.0,NaN,NaN,0.0,0.0,NaN,NaN
9.120000000000001,0.0,NaN,NaN,NaN,0.0,NaN,NaN,0.0,0.0,NaN,NaN
9.13,0.0,NaN,NaN,NaN,0.0,NaN,NaN,0.0,0.0,NaN,NaN
9.14,0.0,NaN,NaN,NaN,0.0,NaN,NaN,0.0,0.0,NaN,NaN
9.15,0.0,NaN,NaN,NaN,0.0,NaN,NaN,0.0,0.0,NaN,NaN
9.16,0.0,NaN,NaN,NaN,0.0,NaN,NaN,0.0,0.0,NaN,NaN
9.17,0.0,NaN,NaN,NaN,0.0,NaN,NaN,0.0,0.0,NaN,NaN
9.18,0.0,NaN,NaN,NaN,0.0,NaN,NaN,0.0,0.0,NaN,NaN
9.19,0.0,NaN,NaN,NaN,0.0,NaN,NaN,0.0,0.0,NaN,NaN
9.200000000000001,0.0,NaN,NaN,NaN,0.0,NaN,NaN,0.0,0.0,NaN,NaN
9.21,0.0,NaN,NaN,NaN,0.0,NaN,NaN,250.0,0.0,NaN,NaN
9.22,0.0,NaN,NaN,NaN,0.0,NaN,NaN,0.0,0.0,NaN,NaN
9.23,0.0,NaN,NaN,NaN,0.0,NaN,NaN,0.0,0.0,NaN,NaN
9.24,0.0,NaN,NaN,NaN,0.0,NaN,NaN,0.0,0.0,NaN,NaN
9.25,0.0,NaN,NaN,NaN,0.0,NaN,NaN,0.0,0.0,NaN,NaN
9.26,0.0,NaN,NaN,NaN,0.0,NaN,NaN,0.0,0.0,NaN,NaN
9.27,0.0,NaN,NaN,NaN,0.0,NaN,NaN,0.0,0.0,NaN,NaN
9.28,0.0,NaN,NaN,NaN,0.0,NaN,NaN,0.0,0.0,NaN,NaN
9.290000000000001,0.0,NaN,NaN,NaN,0.0,NaN,NaN,0.0,0.0,NaN,NaN
9.3,0.0,NaN,NaN,NaN,0.0,NaN,NaN,0.0,0.0,NaN,NaN
9.31,0.0,NaN,NaN,NaN,0.0,NaN,NaN,0.0,0.0,NaN,NaN
9.32,0.0,NaN,NaN,NaN,0.0,NaN,NaN,0.0,0.0,NaN,NaN
9.33,0.0,NaN,NaN,NaN,0.0,NaN,NaN,0.0,0.0,NaN,NaN
9.34,0.0,NaN,NaN,NaN,0.0,NaN,NaN,0.0,0.0,NaN,NaN
9.35,0.0,NaN,NaN,NaN,0.0,NaN,NaN,0.0,0.0,NaN,NaN
9.36,0.0,NaN,NaN,NaN,0.0,NaN,NaN,0.0,0.0,NaN,NaN
9.370000000000001,0.0,NaN,NaN,NaN,0.0,NaN,NaN,0.0,0.0,NaN,NaN
9.38,0.0,NaN,NaN,NaN,0.0,NaN,NaN,0.0,0.0,NaN,NaN
9.39,0.0,NaN,NaN,NaN,0.0,NaN,NaN,0.0,0.0,NaN,NaN
9.4,0.0,NaN,NaN,NaN,0.0,NaN,NaN,0.0,0.0,NaN,NaN
9.41,0.0,NaN,NaN,NaN,0.0,NaN,NaN,0.0,0.0,NaN,NaN
9.42,0.0,NaN,NaN,NaN,0.0,NaN,NaN,0.0,0.0,NaN,NaN
9.43,0.0,NaN,NaN,NaN,0.0,NaN,NaN,0.0,0.0,NaN,NaN
9.44,0.0,NaN,NaN,NaN,0.0,NaN,NaN,0.0,0.0,NaN,NaN
9.450000000000001,0.0,NaN,NaN,NaN,0.0,NaN,NaN,0.0,0.0,NaN,NaN
9.46,0.0,NaN,NaN,NaN,0.0,NaN,NaN,0.0,0.0,NaN,NaN
9.47,0.0,NaN,NaN,NaN,0.0,NaN,NaN,0.0,0.0,NaN,NaN
9.48,0.0,NaN,NaN,NaN,0.0,NaN,NaN,0.0,0.0,NaN,NaN
9.49,0.0,NaN,NaN,NaN,0.0,NaN,NaN,0.0,0.0,NaN,NaN
9.5,0.0,NaN,NaN,NaN,0.0,NaN,NaN,0.0,0.0,NaN,NaN
9.51,0.0,NaN,NaN,NaN,0.0,NaN,NaN,0.0,0.0,NaN,NaN
9.52,0.0,NaN,NaN,NaN,0.0,NaN,NaN,0.0,0.0,NaN,NaN
9.53,0.0,NaN,NaN,NaN,0.0,NaN,NaN,0.0,0.0,NaN,NaN
9.540000000000001,0.0,NaN,NaN,NaN,0.0,NaN,NaN,0.0,0.0,NaN,NaN
9.55,0.0,NaN,NaN,NaN,0.0,NaN,NaN,0.0,0.0,NaN,NaN
9.56,0.0,NaN,NaN,NaN,0.0,NaN,NaN,0.0,0.0,NaN,NaN
9.57,0.0,NaN,NaN,NaN,0.0,NaN,NaN,0.0,0.0,NaN,NaN
9.58,0.0,NaN,NaN,NaN,0.0,NaN,NaN,0.0,0.0,NaN,NaN
9.59,0.0,NaN,NaN,NaN,0.0,NaN,NaN,0.0,0.0,NaN,NaN
9.6,0.0,NaN,NaN,NaN,0.0,NaN,NaN,0.0,0.0,NaN,NaN
9.61,0.0,NaN,NaN,NaN,0.0,NaN,NaN,0.0,0.0,NaN,NaN
9.620000000000001,0.0,NaN,NaN,NaN,0.0,NaN,NaN,0.0,0.0,NaN,NaN
9.63,0.0,NaN,NaN,NaN,0.0,NaN,NaN,0.0,0.0,NaN,NaN
9.64,0.0,NaN,NaN,NaN,0.0,NaN,NaN,0.0,0.0,NaN,NaN
9.65,0.0,NaN,NaN,NaN,0.0,NaN,NaN,0.0,0.0,NaN,NaN
9.66,0.0,NaN,NaN,NaN,0.0,NaN,NaN,0.0,0.0,NaN,NaN
9.67,0.0,NaN,NaN,NaN,0.0,NaN,NaN,0.0,0.0,NaN,NaN
9.68,0.0,NaN,NaN,NaN,0.0,NaN,NaN,0.0,0.0,NaN,NaN
9.69,0.0,NaN,NaN,NaN,0.0,NaN,NaN,0.0,0.0,NaN,NaN
9.700000000000001,0.0,NaN,NaN,NaN,0.0,NaN,NaN,0.0,0.0,NaN,NaN
9.71,0.0,NaN,NaN,NaN,0.0,NaN,NaN,0.0,0.0,NaN,NaN
9.72,0.0,NaN,NaN,NaN,0.0,NaN,NaN,0.0,0.0,NaN,NaN
9.73,0.0,NaN,NaN,NaN,0.0,NaN,NaN,0.0,0.0,NaN,NaN
9.74,0.0,NaN,NaN,NaN,0.0,NaN,NaN,0.0,0.0,NaN,NaN
9.75,0.0,NaN,NaN,NaN,0.0,NaN,NaN,0.0,0.0,NaN,NaN
9.76,0.0,NaN,NaN,NaN,0.0,NaN,NaN,0.0,0.0,NaN,NaN
9.77,0.0,NaN,NaN,NaN,0.0,NaN,NaN,0.0,0.0,NaN,NaN
9.78,0.0,NaN,NaN,NaN,0.0,NaN,NaN,0.0,0.0,NaN,NaN
9.790000000000001,0.0,NaN,NaN,NaN,0.0,NaN,NaN,0.0,0.0,NaN,NaN
9.8,0.0,NaN,NaN,NaN,0.0,NaN,NaN,0.0,0.0,NaN,NaN
9.81,0.0,NaN,NaN,NaN,0.0,NaN,NaN,0.0,0.0,NaN,NaN
9.82,0.0,NaN,NaN,NaN,0.0,NaN,NaN,0.0,0.0,NaN,NaN
9.83,0.0,NaN,NaN,NaN,0.0,NaN,NaN,0.0,0.0,NaN,NaN
9.84,0.0,NaN,NaN,NaN,0.0,NaN,NaN,0.0,0.0,NaN,NaN
9.85,0.0,NaN,NaN,NaN,0.0,NaN,NaN,0.0,0.0,NaN,NaN
9.86,0.0,NaN,NaN,NaN,0.0,NaN,NaN,0.0,0.0,NaN,NaN
9.870000000000001,0.0,NaN,NaN,NaN,0.0,NaN,NaN,0.0,0.0,NaN,NaN
9.88,0.0,NaN,NaN,NaN,0.0,NaN,NaN,0.0,0.0,NaN,NaN
9.89,0.0,NaN,NaN,NaN,0.0,NaN,NaN,0.0,0.0,NaN,NaN
9.9,0.0,NaN,NaN,NaN,0.0,NaN,NaN,0.0,0.0,NaN,NaN
9.91,0.0,NaN,NaN,NaN,0.0,NaN,NaN,0.0,0.0,NaN,NaN
9.92,0.0,NaN,NaN,NaN,0.0,NaN,NaN,0.0,0.0,NaN,NaN
9.93,0.0,NaN,NaN,NaN,0.0,NaN,NaN,0.0,0.0,NaN,NaN
9.94,0.0,NaN,NaN,NaN,0.0,NaN,NaN,0.0,0.0,NaN,NaN
9.950000000000001,0.0,NaN,NaN,NaN,0.0,NaN,NaN,0.0,0.0,NaN,NaN
9.96,0.0,NaN,NaN,NaN,0.0,NaN,NaN,0.0,0.0,NaN,NaN
9.97,0.0,NaN,NaN,NaN,0.0,NaN,NaN,0.0,0.0,NaN,NaN
9.98,0.0,NaN,NaN,NaN,0.0,NaN,NaN,0.0,0.0,NaN,NaN
9.99,0.0,NaN,NaN,NaN,0.0,NaN,NaN,0.0,0.0,NaN,NaN
